{"type": "FeatureCollection", "features": [{"type": "Feature", "geometry": {"type": "Polygon", "coordinates": [[[99.231, 52.963], [99.372, 53.102], [99.717, 53.15], [99.852, 53.287], [100.266, 53.372], [100.421, 53.249], [100.378, 53.105], [100.911, 52.783], [101.054, 52.764], [101.678, 52.476], [101.926, 52.318], [102.301, 52.23], [102.515, 52.235], [102.67, 52.061], [102.926, 51.912], [103.227, 51.805], [103.181, 51.619], [103.338, 51.447], [103.586, 51.491], [103.801, 51.435], [103.81, 51.13], [104.197, 51.284], [104.673, 51.338], [104.588, 51.622], [105.309, 51.749], [105.603, 51.852], [105.774, 51.956], [106.173, 52.361], [107, 52.717], [108.014, 53.236], [108.297, 53.674], [108.451, 53.848], [109.001, 54.336], [109.068, 54.426], [108.632, 54.546], [108.726, 54.795], [108.698, 55.063], [108.797, 55.166], [108.671, 55.318], [108.639, 55.49], [108.776, 55.611], [108.823, 55.848], [109.035, 55.997], [108.805, 56.235], [108.549, 56.332], [108.74, 56.505], [109.143, 56.68], [109.424, 56.738], [109.688, 56.696], [109.853, 56.779], [110.014, 56.976], [110.271, 56.952], [110.629, 56.837], [111.242, 56.892], [111.499, 57.117], [111.831, 56.913], [112.083, 56.957], [112.218, 56.857], [112.55, 56.946], [112.866, 56.686], [113.322, 56.63], [113.465, 56.672], [113.788, 56.614], [113.858, 56.52], [114.158, 56.697], [114.406, 56.668], [114.749, 56.701], [115.067, 57.01], [115.07, 57.112], [115.654, 57.121], [115.845, 57.248], [116.108, 57.241], [116.251, 57.138], [115.73, 56.962], [115.614, 56.771], [115.421, 56.596], [115.678, 56.572], [115.676, 56.281], [115.765, 56.177], [115.902, 55.41], [116.107, 55.344], [116.378, 55.379], [116.473, 55.229], [116.756, 55.118], [116.875, 54.876], [116.721, 54.529], [116.483, 54.484], [116.189, 54.512], [115.596, 54.41], [115.5, 54.315], [115.162, 54.189], [114.985, 54], [114.364, 53.814], [114.003, 53.727], [113.824, 53.631], [113.827, 53.418], [113.973, 53.236], [114.326, 53.041], [114.227, 52.813], [114.077, 52.662], [113.913, 52.64], [113.488, 52.469], [113.152, 52.453], [112.906, 52.333], [112.547, 52.346], [112.511, 52.249], [112.07, 52.283], [111.733, 51.997], [111.462, 51.871], [111.015, 51.791], [110.873, 51.615], [110.688, 51.509], [110.427, 51.521], [110.293, 51.602], [110.048, 51.623], [109.597, 51.453], [109.225, 51.366], [109.026, 51.478], [108.479, 51.388], [108.561, 51.121], [108.33, 51], [108.216, 50.829], [108.069, 50.739], [108.182, 50.649], [108.48, 50.583], [108.531, 50.472], [107.734, 50.153], [107.759, 49.972], [107.237, 49.989], [107.111, 50.043], [107.016, 50.196], [106.81, 50.302], [106.509, 50.348], [106.258, 50.304], [106.067, 50.4], [105.821, 50.44], [105.426, 50.445], [105.119, 50.392], [104.903, 50.411], [104.561, 50.307], [104.387, 50.31], [104.143, 50.146], [103.84, 50.193], [103.721, 50.132], [103.413, 50.214], [103.231, 50.322], [102.93, 50.31], [102.651, 50.406], [102.548, 50.577], [102.218, 50.815], [102.118, 51.359], [101.249, 51.542], [100.65, 51.726], [100.058, 51.73], [99.864, 51.77], [99.748, 51.904], [99.296, 51.955], [99.025, 52.063], [98.969, 52.143], [98.631, 52.415], [98.941, 52.672], [98.938, 52.937], [99.171, 52.864], [99.231, 52.963]]]}, "properties": {"name": "Бурятия", "name_latin": "Republic of Buryatia"}}, {"type": "Feature", "geometry": {"type": "Polygon", "coordinates": [[[41.737, 44.473], [41.933, 44.496], [42.029, 44.353], [42.341, 44.311], [42.609, 44.312], [42.303, 44.029], [42.66, 43.937], [42.678, 43.81], [42.681, 43.716], [42.456, 43.621], [42.414, 43.257], [42.041, 43.187], [41.589, 43.235], [41.219, 43.381], [40.951, 43.419], [40.714, 43.533], [40.723, 43.795], [40.803, 43.918], [41.085, 44.095], [41.264, 44.095], [41.309, 43.998], [41.48, 44.001], [41.699, 44.171], [41.744, 44.268], [41.634, 44.378], [41.737, 44.473]]]}, "properties": {"name": "Карачаево-Черкесская республика", "name_latin": "Karachay-Cherkess Republic"}}, {"type": "Feature", "geometry": {"type": "MultiPolygon", "coordinates": [[[[146.863, 43.875], [146.676, 43.707], [146.587, 43.806], [146.863, 43.875]]], [[[145.547, 43.654], [145.405, 43.84], [145.747, 44.063], [145.744, 44.105], [146.172, 44.514], [146.391, 44.362], [146.296, 44.276], [146.101, 44.258], [145.942, 44.152], [145.789, 43.948], [145.576, 43.843], [145.547, 43.654]]], [[[146.953, 44.427], [146.875, 44.499], [147.191, 44.707], [147.263, 44.865], [147.692, 45.097], [147.872, 45.227], [147.849, 45.364], [148.129, 45.257], [148.343, 45.291], [148.655, 45.539], [148.89, 45.485], [148.843, 45.337], [148.637, 45.334], [148.095, 45.11], [147.984, 45.004], [147.788, 44.947], [147.385, 44.745], [147.209, 44.568], [147.109, 44.569], [146.953, 44.427]]], [[[154.688, 49.268], [154.613, 49.36], [154.777, 49.587], [154.828, 49.298], [154.688, 49.268]]], [[[144.674, 48.643], [144.563, 48.891], [144.339, 49.034], [144.138, 49.219], [143.618, 49.317], [143.293, 49.287], [143.028, 49.168], [142.947, 49.058], [142.98, 48.898], [142.861, 48.753], [142.546, 48.076], [142.51, 47.896], [142.591, 47.626], [142.752, 47.446], [143.017, 47.251], [143.019, 47.077], [143.091, 46.919], [143.3, 46.799], [143.476, 46.826], [143.564, 46.345], [143.422, 46.213], [143.336, 46.471], [143.15, 46.606], [142.77, 46.608], [142.726, 46.737], [142.454, 46.651], [142.249, 46.273], [142.172, 46.016], [142.027, 45.932], [141.923, 46.044], [141.81, 46.6], [142.007, 46.948], [142.05, 47.195], [141.965, 47.301], [141.962, 47.62], [142.202, 47.984], [142.143, 48.325], [141.872, 48.676], [141.848, 48.767], [141.977, 48.873], [142.092, 49.229], [142.167, 49.805], [142.15, 50.373], [142.043, 50.536], [142.116, 50.893], [142.227, 50.991], [142.249, 51.155], [142.074, 51.477], [141.755, 51.705], [141.825, 51.786], [141.638, 51.877], [141.652, 52.392], [141.825, 52.549], [141.82, 52.722], [141.92, 53.058], [141.757, 53.37], [142.205, 53.534], [142.27, 53.368], [142.416, 53.376], [142.639, 53.542], [142.585, 53.718], [142.693, 53.946], [142.331, 54.267], [142.649, 54.346], [142.788, 54.309], [142.972, 54.141], [142.892, 53.956], [142.924, 53.782], [143.247, 53.219], [143.337, 52.832], [143.283, 52.453], [143.178, 52.317], [143.14, 52.132], [143.228, 51.867], [143.341, 51.706], [143.62, 50.949], [143.785, 50.333], [143.998, 50.019], [144.121, 49.755], [144.281, 49.245], [144.425, 49.012], [144.666, 48.882], [144.674, 48.643]]], [[[155.415, 50.015], [155.24, 50.054], [155.254, 50.221], [155.388, 50.34], [155.649, 50.378], [155.756, 50.453], [155.858, 50.652], [156.016, 50.764], [156.149, 50.747], [156.169, 50.508], [156.042, 50.466], [155.888, 50.246], [155.616, 50.185], [155.415, 50.015]]], [[[149.527, 45.574], [149.478, 45.658], [149.668, 45.851], [149.777, 45.855], [150.052, 46.09], [150.218, 46.188], [150.457, 46.162], [150.221, 46.019], [150.192, 45.939], [149.951, 45.826], [149.662, 45.621], [149.527, 45.574]]]]}, "properties": {"name": "Сахалинская область", "name_latin": "Sakhalin Oblast"}}, {"type": "Feature", "geometry": {"type": "Polygon", "coordinates": [[[38.293, 51.966], [38.556, 52.056], [38.877, 52.097], [39.015, 51.985], [39.3, 52.103], [39.484, 51.978], [39.841, 51.921], [40.127, 51.986], [40.534, 51.946], [40.846, 51.922], [41.002, 51.716], [41.585, 51.769], [42.07, 51.657], [42.189, 51.724], [42.344, 51.588], [42.521, 51.596], [42.752, 51.495], [42.881, 51.233], [42.708, 51.248], [42.596, 51.153], [42.087, 51.148], [41.928, 51.194], [41.751, 51.006], [41.472, 50.95], [41.348, 50.71], [41.522, 50.362], [41.401, 50.203], [41.298, 50.021], [41.082, 49.943], [40.922, 49.701], [40.637, 49.673], [40.549, 49.581], [40.135, 49.617], [39.806, 49.558], [39.591, 49.718], [39.285, 49.755], [39.18, 49.889], [39.218, 50.048], [39.047, 50.277], [39.015, 50.455], [39.084, 50.606], [38.958, 50.698], [38.769, 50.72], [38.721, 50.877], [38.877, 50.931], [38.803, 51.077], [38.588, 51.012], [38.388, 51.077], [38.434, 51.286], [38.289, 51.296], [38.297, 51.521], [38.14, 51.629], [38.387, 51.684], [38.429, 51.945], [38.293, 51.966]]]}, "properties": {"name": "Воронежская область", "name_latin": "Voronezh Oblast"}}, {"type": "Feature", "geometry": {"type": "Polygon", "coordinates": [[[75.108, 58.576], [75.131, 58.664], [75.635, 58.912], [75.728, 59.015], [75.64, 59.212], [75.841, 59.28], [76.177, 59.53], [76.665, 59.571], [76.74, 59.711], [76.772, 60.066], [76.866, 60.271], [76.829, 60.467], [77.048, 60.509], [76.966, 60.631], [77.108, 60.858], [77.704, 60.82], [77.97, 60.741], [78.195, 60.802], [78.487, 60.765], [78.7, 60.825], [79.308, 60.794], [79.399, 60.636], [79.675, 60.68], [80.201, 60.675], [80.705, 60.803], [81.052, 60.756], [81.104, 60.642], [81.459, 60.607], [81.88, 60.64], [82.167, 60.516], [82.41, 60.608], [82.376, 60.707], [83.157, 61.027], [83.477, 61.036], [83.95, 60.836], [84.263, 60.863], [84.791, 60.352], [84.616, 60.169], [84.581, 59.962], [84.708, 59.892], [85.5, 59.883], [85.998, 59.947], [86.636, 59.949], [87.078, 59.879], [87.174, 59.683], [87.514, 59.664], [87.902, 59.256], [88.626, 59.295], [88.576, 59.212], [88.829, 59.023], [88.383, 58.893], [87.924, 58.511], [88.017, 58.214], [88.107, 58.113], [88.687, 58.036], [88.859, 57.955], [89.353, 57.913], [89.355, 57.616], [89.13, 57.615], [89.064, 57.458], [88.865, 57.444], [88.734, 57.208], [88.598, 56.802], [88.424, 56.834], [87.701, 56.551], [87.597, 56.664], [87.15, 56.623], [87.118, 56.536], [86.849, 56.556], [86.678, 56.643], [86.339, 56.636], [85.804, 56.411], [85.414, 56.206], [84.897, 56.163], [84.454, 56.043], [83.953, 56.015], [83.665, 55.765], [83.616, 55.665], [83.211, 55.73], [83.377, 55.918], [83.065, 56.23], [83.289, 56.443], [83.11, 56.55], [82.808, 56.516], [82.809, 56.42], [81.992, 56.334], [81.573, 56.242], [81.22, 56.538], [80.264, 56.422], [79.589, 56.923], [78.44, 57.113], [78.463, 57.165], [76.945, 57.17], [76.698, 57.215], [76.095, 57.236], [75.848, 57.386], [75.704, 57.625], [75.55, 57.625], [75.566, 57.935], [75.071, 58.117], [75.242, 58.203], [75.057, 58.339], [75.377, 58.454], [75.108, 58.576]]]}, "properties": {"name": "Томская область", "name_latin": "Tomsk Oblast"}}, {"type": "Feature", "geometry": {"type": "Polygon", "coordinates": [[[76.095, 57.236], [76.698, 57.215], [76.945, 57.17], [78.463, 57.165], [78.44, 57.113], [79.589, 56.923], [80.264, 56.422], [81.22, 56.538], [81.573, 56.242], [81.992, 56.334], [82.809, 56.42], [82.808, 56.516], [83.11, 56.55], [83.289, 56.443], [83.065, 56.23], [83.377, 55.918], [83.211, 55.73], [83.616, 55.665], [83.665, 55.765], [83.953, 56.015], [84.454, 56.043], [84.539, 55.719], [84.741, 55.641], [84.927, 55.164], [84.878, 55.02], [85.088, 54.816], [84.895, 54.729], [84.932, 54.609], [85.117, 54.438], [84.597, 54.255], [84.55, 54.162], [84.222, 54.191], [83.956, 54.106], [83.554, 54.109], [83.488, 53.978], [83.198, 54.066], [82.715, 53.777], [82.667, 53.643], [82.502, 53.547], [82.322, 53.563], [81.716, 53.772], [81.831, 53.964], [81.543, 53.933], [81.476, 54.078], [81.126, 54.115], [80.952, 54.376], [80.799, 54.256], [80.465, 54.115], [79.877, 53.914], [79.421, 53.68], [78.708, 53.632], [78.646, 53.513], [78.334, 53.479], [78.108, 53.576], [77.963, 53.487], [77.907, 53.291], [76.54, 54.003], [76.434, 54.121], [76.757, 54.165], [76.877, 54.302], [76.263, 54.359], [76.217, 54.263], [75.688, 54.123], [75.691, 54.546], [75.825, 54.666], [75.639, 54.81], [75.332, 54.911], [75.368, 55.068], [75.162, 55.447], [75.115, 55.686], [75.369, 55.741], [75.262, 55.844], [75.732, 56.113], [76.307, 56.157], [76.081, 56.325], [75.962, 56.507], [76.289, 56.697], [76.095, 57.236]]]}, "properties": {"name": "Новосибирская область", "name_latin": "Novosibirsk Oblast"}}, {"type": "Feature", "geometry": {"type": "MultiPolygon", "coordinates": [[[[64.735, 69.12], [64.625, 68.933], [65.085, 68.811], [65.658, 68.581], [65.473, 68.418], [64.816, 68.41], [64.58, 68.357], [64.582, 68.2], [63.866, 68.033], [63.921, 67.845], [63.607, 67.732], [63.426, 67.769], [62.943, 67.605], [62.864, 67.37], [61.729, 67.096], [61.644, 67.003], [59.974, 67], [57.068, 67], [55.888, 67], [53.875, 67], [52.149, 67.099], [51.546, 66.88], [51.545, 66.774], [49, 66.113], [48.085, 66.129], [47.749, 65.906], [47.145, 65.821], [46.347, 66.038], [45.703, 66.083], [44.59, 66.298], [44.25, 66.436], [44.475, 66.672], [44.373, 66.784], [44.517, 66.908], [44.319, 67.057], [43.777, 67.197], [43.808, 67.347], [44.136, 67.745], [44.201, 68.303], [43.553, 68.525], [43.43, 68.67], [44.084, 68.531], [44.773, 68.553], [45.489, 68.522], [45.805, 68.468], [46.308, 68.187], [46.525, 68.129], [46.693, 67.808], [46.333, 67.821], [45.356, 67.713], [44.934, 67.443], [44.919, 67.324], [45.603, 67.145], [45.827, 66.889], [46.018, 66.825], [46.538, 66.865], [46.66, 66.816], [47.442, 66.918], [47.743, 67.008], [47.772, 67.334], [47.931, 67.431], [47.834, 67.579], [48.347, 67.666], [48.474, 67.637], [49.061, 67.835], [49.876, 68.034], [50.629, 68.289], [51.299, 68.381], [51.553, 68.485], [52.016, 68.533], [53.493, 68.907], [53.987, 68.839], [53.72, 68.617], [53.944, 68.407], [53.805, 68.335], [53.432, 68.365], [53.2, 68.273], [54.036, 68.215], [54.305, 68.327], [54.673, 68.17], [54.984, 68.408], [55.34, 68.541], [55.67, 68.55], [56.006, 68.642], [56.207, 68.595], [56.643, 68.618], [57.105, 68.519], [57.504, 68.64], [57.835, 68.678], [58.126, 68.838], [58.872, 68.975], [59.449, 68.741], [59.093, 68.554], [59.171, 68.388], [59.528, 68.333], [59.867, 68.375], [59.975, 68.491], [59.804, 68.627], [60.509, 68.708], [60.89, 68.886], [60.95, 69.069], [60.638, 69.163], [60.58, 69.294], [60.221, 69.506], [60.331, 69.66], [60.68, 69.655], [60.853, 69.856], [61.434, 69.773], [62.789, 69.714], [63.768, 69.592], [64.304, 69.496], [64.919, 69.307], [64.735, 69.12]]], [[[49.07, 68.672], [48.442, 68.716], [48.242, 68.787], [48.255, 69.138], [48.413, 69.322], [48.743, 69.46], [49.335, 69.491], [50.053, 69.284], [50.248, 69.194], [49.842, 69.014], [49.739, 68.876], [49.178, 68.756], [49.07, 68.672]]], [[[59.477, 69.832], [59.066, 69.857], [58.798, 69.966], [58.422, 70.206], [58.881, 70.422], [59.387, 70.34], [59.586, 70.204], [60.339, 69.953], [60.546, 69.821], [60.431, 69.715], [59.642, 69.713], [59.477, 69.832]]]]}, "properties": {"name": "Ненецкий автономный округ", "name_latin": "Nenets Autonomous Okrug"}}, {"type": "Feature", "geometry": {"type": "Polygon", "coordinates": [[[158.543, 66.335], [159.216, 66.216], [159.26, 66.164], [158.9, 65.817], [158.952, 65.727], [160.093, 65.502], [160.502, 65.178], [161.037, 65.178], [161.406, 65.119], [161.718, 65.003], [161.799, 64.84], [162.319, 64.744], [162.65, 64.741], [162.752, 64.662], [163.265, 64.693], [163.235, 64.512], [163.414, 64.446], [163.18, 64.157], [162.867, 64.163], [162.823, 64.009], [162.954, 63.923], [162.726, 63.752], [162.996, 63.624], [162.784, 63.306], [162.781, 63.194], [162.304, 63.065], [162.28, 62.903], [162.565, 62.83], [162.781, 62.451], [162.69, 62.253], [162.398, 62.239], [162.29, 62.104], [162.524, 62.083], [162.433, 61.809], [162.466, 61.665], [161.985, 61.373], [161.595, 61.245], [161.565, 61.184], [160.91, 60.897], [160.829, 60.752], [160.251, 60.738], [160.209, 61.038], [160.002, 61.114], [159.859, 61.259], [160.203, 61.51], [160.411, 61.761], [160.297, 61.939], [160.025, 61.836], [159.876, 61.704], [159.571, 61.651], [159.348, 61.892], [158.984, 61.915], [158.851, 61.864], [158.25, 61.822], [158.039, 61.73], [157.816, 61.782], [157.433, 61.773], [157.336, 61.689], [157.03, 61.646], [156.681, 61.525], [156.662, 61.212], [156.381, 61.151], [155.918, 60.858], [155.922, 60.749], [154.951, 60.362], [154.513, 60.031], [154.483, 59.891], [154.241, 59.888], [154.257, 59.687], [154.073, 59.514], [154.294, 59.437], [154.646, 59.542], [154.793, 59.464], [155.013, 59.478], [155.21, 59.347], [155.182, 59.174], [154.912, 59.195], [154.702, 59.142], [154.532, 59.217], [154.307, 59.091], [153.944, 59.069], [153.842, 59.167], [153.499, 59.233], [153.339, 59.087], [153.02, 59.068], [152.904, 58.937], [152.735, 58.907], [152.409, 59.024], [152.122, 58.903], [151.68, 58.846], [151.362, 58.858], [151.138, 59.082], [151.463, 59.165], [151.737, 59.131], [152.12, 59.152], [152.016, 59.265], [151.771, 59.355], [151.449, 59.557], [151.059, 59.582], [150.911, 59.445], [150.745, 59.436], [150.459, 59.616], [149.666, 59.754], [149.342, 59.721], [149.107, 59.631], [149.161, 59.485], [148.725, 59.464], [148.865, 59.274], [148.418, 59.253], [148.396, 59.379], [147.898, 59.388], [147.48, 59.246], [147.251, 59.335], [146.942, 59.369], [147.109, 59.409], [147.216, 59.732], [147.039, 59.948], [146.801, 59.905], [146.689, 60.087], [146.5, 60.123], [146.372, 60.251], [145.857, 60.17], [145.637, 60.265], [145.529, 60.495], [146.085, 60.737], [146.35, 60.66], [146.522, 60.868], [146.705, 60.949], [146.757, 61.21], [146.74, 61.469], [146.348, 61.841], [145.965, 62.004], [145.451, 61.949], [144.988, 62.052], [144.736, 62.045], [145.202, 62.299], [145.138, 62.479], [145.437, 62.531], [145.457, 62.707], [145.25, 63.161], [145.393, 63.308], [145.468, 63.526], [145.676, 63.674], [145.586, 63.828], [146.166, 63.927], [146.369, 64.186], [147.012, 64.133], [147.214, 64.042], [147.402, 64.13], [147.733, 64.115], [147.671, 64.011], [148.018, 63.936], [148.315, 64.221], [148.048, 64.408], [148.328, 64.528], [148.709, 64.402], [149.041, 64.431], [149.339, 64.377], [149.871, 64.562], [150.128, 64.468], [150.017, 64.351], [150.234, 64.213], [150.651, 64.168], [150.64, 64.338], [151.372, 64.366], [151.497, 64.426], [151.975, 64.489], [152.15, 64.351], [152.445, 64.389], [152.359, 64.508], [152.847, 64.701], [152.586, 64.811], [152.519, 64.977], [152.661, 65.168], [153.501, 65.346], [153.442, 65.485], [153.577, 65.69], [153.532, 65.81], [153.957, 65.873], [154.267, 65.806], [154.416, 65.95], [154.394, 66.183], [155.372, 66.13], [155.748, 66.161], [155.948, 66.068], [156.427, 66.038], [156.644, 66.148], [157.214, 65.896], [157.745, 66.099], [158.432, 66.203], [158.543, 66.335]]]}, "properties": {"name": "Магаданская область", "name_latin": "Magadan Oblast"}}, {"type": "Feature", "geometry": {"type": "MultiPolygon", "coordinates": [[[[162.466, 61.665], [162.433, 61.809], [162.524, 62.083], [162.29, 62.104], [162.398, 62.239], [162.69, 62.253], [162.781, 62.451], [162.565, 62.83], [162.28, 62.903], [162.304, 63.065], [162.781, 63.194], [162.784, 63.306], [162.996, 63.624], [162.726, 63.752], [162.954, 63.923], [162.823, 64.009], [162.867, 64.163], [163.18, 64.157], [163.414, 64.446], [163.235, 64.512], [163.265, 64.693], [163.267, 64.797], [163.609, 64.923], [163.908, 64.848], [164.27, 64.927], [164.797, 64.768], [165.024, 64.838], [166.041, 64.549], [166.408, 64.59], [166.635, 64.521], [167.248, 64.603], [167.384, 64.479], [168.038, 64.265], [168.563, 64.289], [168.652, 64.194], [169.102, 63.941], [169.387, 63.94], [169.642, 63.654], [169.155, 63.474], [168.827, 63.305], [168.745, 63.18], [168.466, 63.083], [168.922, 62.944], [169.109, 62.98], [169.852, 62.656], [170.048, 62.675], [170.082, 62.436], [170.235, 62.292], [170.544, 62.304], [170.837, 62.251], [171.148, 62.335], [171.472, 62.304], [171.896, 62.36], [172.208, 62.465], [173.07, 62.383], [173.162, 62.447], [173.672, 62.547], [173.955, 62.437], [174.159, 62.424], [174.059, 62.266], [174.193, 62.073], [174.452, 62.024], [174.475, 61.808], [174.267, 61.805], [173.817, 61.671], [173.493, 61.708], [173.51, 61.559], [173.071, 61.382], [172.97, 61.284], [172.277, 61.005], [172.043, 60.838], [171.781, 60.847], [171.212, 60.558], [170.644, 60.41], [170.678, 60.299], [170.486, 60.205], [170.422, 59.97], [170.286, 59.926], [169.967, 60.068], [169.738, 60.395], [169.412, 60.515], [169.063, 60.559], [168.641, 60.552], [168.32, 60.59], [166.987, 60.3], [166.742, 60.101], [166.286, 59.81], [166.093, 59.805], [166.208, 60.127], [166.313, 60.195], [166.272, 60.474], [165.758, 60.262], [165.143, 60.057], [165.133, 59.903], [164.793, 59.834], [164.71, 59.999], [164.489, 60.1], [164.339, 59.991], [163.867, 60.039], [163.691, 59.88], [163.521, 59.89], [163.222, 59.567], [163.328, 59.288], [163.107, 59.268], [162.907, 59.108], [163.015, 58.945], [162.55, 58.75], [162.132, 58.369], [162, 58.133], [162.093, 57.875], [162.461, 57.782], [162.589, 57.938], [162.799, 57.918], [163.303, 57.719], [163.096, 57.483], [162.781, 57.346], [162.852, 57.03], [162.778, 56.775], [162.892, 56.7], [163.244, 56.733], [163.237, 56.603], [163.362, 56.183], [163.181, 56.135], [163.047, 56.01], [162.818, 56.061], [162.63, 56.225], [162.106, 56.102], [161.773, 55.608], [161.778, 55.234], [162.138, 54.864], [162.138, 54.754], [161.708, 54.496], [161.275, 54.479], [161.143, 54.588], [160.919, 54.575], [160.637, 54.49], [160.131, 54.226], [159.991, 54.111], [159.843, 53.796], [159.956, 53.502], [159.838, 53.434], [159.904, 53.253], [159.617, 53.257], [159.214, 53.147], [158.903, 53.024], [158.734, 52.895], [158.567, 53.063], [158.422, 53.014], [158.497, 52.782], [158.602, 52.693], [158.482, 52.447], [158.526, 52.273], [158.387, 52.218], [158.272, 51.96], [158.038, 51.791], [157.91, 51.631], [157.564, 51.502], [157.441, 51.348], [157.091, 51.153], [156.781, 50.937], [156.712, 51.202], [156.553, 51.278], [156.49, 51.496], [156.472, 52.107], [156.415, 52.315], [156.13, 52.913], [156.066, 53.319], [155.886, 54.026], [155.729, 54.456], [155.589, 55.019], [155.556, 55.367], [155.652, 55.967], [155.959, 56.633], [156.084, 56.786], [156.426, 56.927], [156.558, 57.101], [156.733, 57.11], [157.003, 57.451], [156.868, 57.795], [157.307, 57.766], [157.525, 57.821], [157.69, 58.013], [157.878, 57.978], [158.261, 58.042], [158.665, 58.261], [159.023, 58.402], [159.736, 58.872], [159.718, 58.978], [159.857, 59.124], [160.397, 59.388], [160.49, 59.549], [160.846, 59.607], [161.265, 59.846], [161.493, 60.042], [161.945, 60.234], [161.944, 60.42], [162.787, 60.645], [163.763, 60.921], [163.534, 61], [163.622, 61.117], [163.94, 61.227], [164.029, 61.356], [163.751, 61.469], [163.871, 61.651], [164.054, 61.692], [164.156, 62.274], [164.735, 62.458], [164.615, 62.68], [164.378, 62.694], [163.25, 62.514], [163.254, 62.319], [163.083, 62.221], [163.135, 62.031], [162.987, 61.788], [163.286, 61.725], [163.039, 61.516], [162.822, 61.716], [162.466, 61.665]]], [[[163.503, 58.469], [163.921, 58.995], [164.586, 59.218], [164.73, 59.048], [164.699, 58.913], [164.139, 58.8], [163.624, 58.589], [163.503, 58.469]]], [[[166.595, 54.717], [166.176, 54.961], [165.978, 55.227], [165.966, 55.366], [166.267, 55.286], [166.241, 55.201], [166.445, 54.963], [166.593, 54.914], [166.595, 54.717]]]]}, "properties": {"name": "Камчатский край", "name_latin": "Kamchatka Krai"}}, {"type": "Feature", "geometry": {"type": "Polygon", "coordinates": [[[134.005, 46.655], [134.388, 46.675], [134.407, 46.861], [134.662, 47.124], [135.085, 47.213], [135.431, 47.043], [135.428, 46.927], [135.691, 46.967], [135.837, 46.829], [136.054, 46.867], [136.234, 46.775], [136.725, 46.858], [136.978, 47.025], [136.948, 47.166], [137.081, 47.304], [137.393, 47.202], [137.593, 47.314], [137.747, 47.331], [138.004, 47.463], [138.054, 47.671], [137.777, 47.721], [137.595, 47.805], [137.611, 47.898], [137.323, 48.065], [137.451, 48.203], [137.678, 48.248], [137.835, 48.209], [138.099, 48.328], [138.236, 48.443], [138.397, 48.444], [138.637, 48.122], [138.575, 48.048], [138.749, 47.892], [138.738, 47.77], [138.507, 47.677], [138.63, 47.604], [138.537, 47.482], [138.863, 47.47], [139.033, 47.396], [138.604, 47.075], [138.352, 46.694], [138.342, 46.539], [138.166, 46.434], [138.109, 46.247], [137.77, 45.945], [137.688, 45.811], [137.359, 45.614], [137.139, 45.375], [136.802, 45.199], [136.765, 45.093], [136.24, 44.677], [136.184, 44.527], [135.881, 44.413], [135.795, 44.266], [135.652, 44.179], [135.632, 44.036], [135.462, 43.957], [135.501, 43.847], [135.182, 43.61], [135.156, 43.522], [134.839, 43.383], [134.778, 43.309], [134.188, 43.072], [133.959, 42.909], [133.603, 42.833], [133.149, 42.685], [132.961, 42.838], [132.873, 42.739], [132.691, 42.853], [132.406, 42.92], [132.3, 43.066], [132.389, 43.188], [132.258, 43.268], [131.965, 43.077], [131.921, 43.204], [131.76, 43.292], [131.682, 43.146], [131.257, 42.768], [131.176, 42.596], [130.985, 42.648], [130.843, 42.561], [130.7, 42.293], [130.553, 42.518], [130.627, 42.598], [130.436, 42.752], [130.829, 42.883], [131.035, 42.868], [131.205, 43.134], [131.296, 43.469], [131.204, 43.519], [131.21, 43.823], [131.303, 44.059], [131.104, 44.706], [130.979, 44.866], [131.15, 44.946], [131.475, 44.964], [131.68, 45.113], [131.878, 45.34], [132.032, 45.249], [132.798, 45.083], [132.97, 45.022], [133.116, 45.127], [133.088, 45.241], [133.188, 45.501], [133.446, 45.654], [133.456, 45.828], [133.607, 45.902], [133.735, 46.054], [133.681, 46.138], [133.91, 46.264], [133.845, 46.481], [134.005, 46.655]]]}, "properties": {"name": "Приморский край", "name_latin": "Primorsky Krai"}}, {"type": "Feature", "geometry": {"type": "Polygon", "coordinates": [[[42.678, 43.81], [42.66, 43.937], [42.303, 44.029], [42.609, 44.312], [42.341, 44.311], [42.029, 44.353], [41.933, 44.496], [41.737, 44.473], [41.59, 44.516], [41.427, 44.708], [41.56, 44.738], [41.654, 44.986], [41.456, 44.988], [41.351, 45.091], [41.354, 45.223], [41.036, 45.225], [40.98, 45.422], [40.846, 45.517], [40.848, 45.694], [41.167, 45.674], [41.161, 45.952], [41.394, 45.997], [41.714, 45.982], [42.083, 45.966], [42.171, 46.112], [42.33, 46.135], [42.32, 45.968], [42.555, 46.006], [42.914, 46.236], [43.002, 46.169], [43.31, 46.09], [43.47, 45.989], [43.918, 45.945], [44.181, 45.635], [44.319, 45.551], [45.194, 45.284], [45.586, 45.121], [45.705, 44.977], [45.656, 44.804], [45.412, 44.594], [45.261, 44.589], [45.227, 44.468], [45.429, 44.429], [45.372, 44.29], [45.504, 44.176], [45.487, 44.01], [45.438, 43.876], [45.2, 43.876], [45.063, 43.719], [44.832, 43.682], [44.79, 43.817], [44.291, 43.81], [44.271, 43.917], [43.92, 44.018], [43.77, 43.927], [43.743, 43.821], [43.474, 43.866], [43.318, 43.8], [43.148, 43.895], [42.97, 43.897], [42.855, 43.802], [42.678, 43.81]]]}, "properties": {"name": "Ставропольский край", "name_latin": "Stavropol Krai"}}, {"type": "Feature", "geometry": {"type": "Polygon", "coordinates": [[[77.907, 53.291], [77.963, 53.487], [78.108, 53.576], [78.334, 53.479], [78.646, 53.513], [78.708, 53.632], [79.421, 53.68], [79.877, 53.914], [80.465, 54.115], [80.799, 54.256], [80.952, 54.376], [81.126, 54.115], [81.476, 54.078], [81.543, 53.933], [81.831, 53.964], [81.716, 53.772], [82.322, 53.563], [82.502, 53.547], [82.667, 53.643], [82.715, 53.777], [83.198, 54.066], [83.488, 53.978], [83.554, 54.109], [83.956, 54.106], [84.222, 54.191], [84.55, 54.162], [84.597, 54.255], [85.117, 54.438], [85.425, 54.187], [85.749, 54.164], [85.871, 54.038], [86.124, 53.983], [86.296, 53.83], [86.394, 53.597], [86.905, 53.412], [86.644, 53.18], [87.063, 53.026], [86.912, 52.847], [87.133, 52.618], [86.938, 52.656], [86.646, 52.496], [86.643, 52.377], [86.781, 52.295], [86.726, 52.139], [86.492, 52.129], [86.396, 52.033], [85.919, 52.106], [85.854, 51.891], [85.703, 51.732], [85.503, 51.701], [85.444, 51.563], [85.244, 51.499], [84.996, 51.514], [84.716, 51.427], [84.387, 51.266], [84.256, 51.283], [84.121, 51.071], [84.222, 50.987], [84.491, 50.948], [84.572, 50.815], [84.474, 50.687], [84.073, 50.635], [83.972, 50.79], [83.649, 50.948], [83.303, 51.012], [82.995, 50.913], [82.774, 50.926], [82.684, 50.801], [82.493, 50.736], [82.234, 50.731], [81.895, 50.798], [81.457, 50.754], [81.417, 50.972], [81.066, 50.945], [81.179, 51.16], [80.679, 51.318], [80.469, 51.206], [80.483, 50.973], [80.193, 50.896], [80.069, 50.743], [79.531, 51.456], [79.18, 51.931], [78.815, 52.317], [78.282, 52.916], [77.907, 53.291]]]}, "properties": {"name": "Алтайский край", "name_latin": "Altai Krai"}}, {"type": "Feature", "geometry": {"type": "Polygon", "coordinates": [[[37.045, 55.142], [36.937, 55.241], [36.816, 55.508], [37.14, 55.473], [37.087, 55.59], [37.417, 55.681], [37.409, 55.881], [37.703, 55.893], [37.887, 55.705], [37.467, 55.413], [37.405, 55.251], [37.163, 55.232], [37.045, 55.142]]]}, "properties": {"name": "Москва", "name_latin": "Moscow"}}, {"type": "Feature", "geometry": {"type": "Polygon", "coordinates": [[[99.231, 52.963], [99.171, 52.864], [98.938, 52.937], [98.941, 52.672], [98.631, 52.415], [98.969, 52.143], [98.862, 52.136], [98.764, 51.87], [98.354, 51.732], [98.224, 51.457], [98.05, 51.45], [97.832, 51.029], [98.031, 50.861], [98.008, 50.669], [98.265, 50.531], [98.305, 50.356], [98.07, 50.036], [97.617, 49.941], [97.5, 49.81], [97.229, 49.745], [97, 49.883], [96.729, 49.927], [96.418, 49.873], [96.265, 49.977], [95.853, 50.046], [95.565, 49.948], [95.083, 49.964], [94.995, 50.041], [94.607, 50.037], [94.384, 50.24], [94.336, 50.533], [94.222, 50.599], [93.709, 50.585], [93.45, 50.632], [93.01, 50.606], [93.009, 50.793], [92.788, 50.806], [92.727, 50.717], [92.459, 50.79], [92.059, 50.698], [91.84, 50.735], [91.403, 50.48], [90.903, 50.408], [90.285, 50.111], [90.002, 50.054], [89.901, 49.954], [89.592, 49.911], [89.512, 50.119], [89.344, 50.264], [89.497, 50.364], [89.707, 50.384], [89.849, 50.527], [89.644, 50.581], [89.467, 50.78], [89.056, 51.046], [88.967, 51.203], [89.009, 51.394], [88.792, 51.554], [89.073, 51.589], [89.236, 51.554], [89.44, 51.607], [89.71, 51.562], [89.952, 51.755], [90.143, 52.148], [90.487, 52.196], [90.714, 52.09], [90.913, 51.927], [91.233, 51.894], [91.804, 51.887], [92.076, 51.773], [92.364, 51.818], [92.53, 51.791], [92.891, 51.844], [93.338, 52.128], [93.642, 52.193], [93.754, 52.428], [94.103, 52.686], [94.158, 52.831], [94.514, 52.909], [94.625, 53.184], [94.618, 53.331], [95.213, 53.468], [95.336, 53.376], [95.807, 53.491], [96.659, 53.564], [96.689, 53.646], [96.888, 53.73], [97.022, 53.649], [97.389, 53.544], [97.59, 53.377], [97.866, 53.347], [98.003, 53.25], [98.315, 53.186], [98.312, 53.095], [98.667, 53.141], [99.014, 53.102], [99.231, 52.963]]]}, "properties": {"name": "Тыва", "name_latin": "Tuva Republic"}}, {"type": "Feature", "geometry": {"type": "Polygon", "coordinates": [[[42.521, 51.596], [42.344, 51.588], [42.189, 51.724], [42.07, 51.657], [41.585, 51.769], [41.002, 51.716], [40.846, 51.922], [40.534, 51.946], [40.637, 52.175], [40.513, 52.355], [40.293, 52.392], [40.227, 52.501], [39.977, 52.597], [39.916, 52.709], [40.083, 52.755], [40.155, 53.046], [40.096, 53.275], [40.17, 53.312], [40.369, 53.341], [40.701, 53.556], [41.042, 53.476], [41.354, 53.526], [41.37, 53.744], [41.549, 53.812], [42.145, 53.802], [42.11, 53.515], [42.755, 53.018], [42.958, 52.931], [43.194, 52.717], [43.058, 52.559], [43.04, 52.371], [42.79, 52.184], [42.713, 51.886], [42.523, 51.721], [42.521, 51.596]]]}, "properties": {"name": "Тамбовская область", "name_latin": "Tambov Oblast"}}, {"type": "Feature", "geometry": {"type": "Polygon", "coordinates": [[[59.348, 61.664], [59.328, 61.842], [59.487, 61.946], [59.973, 61.883], [59.993, 61.718], [60.515, 61.736], [61.229, 61.654], [61.887, 61.437], [62.484, 61.261], [62.825, 61.001], [62.76, 60.853], [62.867, 60.654], [63.226, 60.294], [63.181, 60.224], [63.606, 60.102], [63.795, 59.817], [63.874, 59.461], [64.02, 59.382], [64.487, 59.377], [65.074, 59.31], [65.238, 59.205], [65.372, 58.9], [65.656, 58.658], [65.95, 58.615], [66, 58.249], [66.185, 58.011], [65.534, 57.762], [65.407, 57.826], [64.833, 57.648], [64.937, 57.555], [64.827, 57.293], [65.005, 57.234], [64.982, 57.068], [65.074, 56.947], [65.253, 56.921], [65.17, 56.764], [64.927, 56.772], [64.546, 56.789], [64.35, 56.683], [64.179, 56.461], [63.829, 56.481], [63.474, 56.612], [63.315, 56.568], [62.986, 56.598], [62.603, 56.491], [62.428, 56.527], [62.071, 56.297], [62.061, 56.131], [61.851, 56.178], [61.735, 56.287], [61.092, 56.319], [60.964, 56.191], [60.705, 56.243], [60.004, 56.221], [59.714, 56.324], [59.289, 56.327], [59.042, 56.168], [58.961, 56.065], [58.583, 56.165], [58.257, 56.105], [57.913, 56.107], [57.508, 56.195], [57.406, 56.343], [57.323, 56.394], [57.399, 56.641], [57.229, 56.856], [57.316, 56.928], [57.676, 56.921], [57.873, 57.056], [58.104, 57.129], [57.94, 57.316], [57.986, 57.555], [58.159, 57.68], [58.447, 57.674], [58.537, 57.564], [58.831, 57.74], [58.587, 58.042], [58.925, 58.281], [59.186, 58.279], [59.287, 58.419], [59.454, 58.478], [59.416, 58.663], [59.154, 58.718], [59.08, 58.906], [59.197, 59.147], [58.625, 59.298], [58.525, 59.435], [58.363, 59.465], [58.479, 59.712], [58.693, 59.857], [58.989, 59.908], [59.218, 60.443], [59.356, 60.521], [59.483, 60.832], [59.369, 60.968], [59.258, 61.313], [59.369, 61.393], [59.348, 61.664]]]}, "properties": {"name": "Свердловская область", "name_latin": "Sverdlovsk Oblast"}}, {"type": "Feature", "geometry": {"type": "Polygon", "coordinates": [[[84.263, 60.863], [83.95, 60.836], [83.477, 61.036], [83.157, 61.027], [82.376, 60.707], [82.41, 60.608], [82.167, 60.516], [81.88, 60.64], [81.459, 60.607], [81.104, 60.642], [81.052, 60.756], [80.705, 60.803], [80.201, 60.675], [79.675, 60.68], [79.399, 60.636], [79.308, 60.794], [78.7, 60.825], [78.487, 60.765], [78.195, 60.802], [77.97, 60.741], [77.704, 60.82], [77.108, 60.858], [76.966, 60.631], [77.048, 60.509], [76.829, 60.467], [76.866, 60.271], [76.772, 60.066], [76.74, 59.711], [76.665, 59.571], [76.177, 59.53], [75.841, 59.28], [75.64, 59.212], [75.728, 59.015], [75.635, 58.912], [75.131, 58.664], [74.793, 58.729], [74.175, 58.726], [73.719, 58.856], [73.5, 58.825], [73.025, 58.875], [73.1, 58.952], [72.911, 59.154], [72.553, 59.139], [72.442, 59.3], [72.025, 59.552], [71.258, 59.789], [70.743, 59.885], [70.396, 59.839], [70.134, 59.95], [69.651, 59.91], [69.268, 59.99], [69.072, 59.905], [69.309, 59.77], [68.729, 59.568], [68.573, 59.588], [68.403, 59.306], [68.104, 59.211], [67.794, 59.21], [67.613, 59.105], [67.052, 58.932], [66.772, 58.923], [66.785, 58.657], [66.291, 58.595], [65.95, 58.615], [65.656, 58.658], [65.372, 58.9], [65.238, 59.205], [65.074, 59.31], [64.487, 59.377], [64.02, 59.382], [63.874, 59.461], [63.795, 59.817], [63.606, 60.102], [63.181, 60.224], [63.226, 60.294], [62.867, 60.654], [62.76, 60.853], [62.825, 61.001], [62.484, 61.261], [61.887, 61.437], [61.229, 61.654], [60.515, 61.736], [59.993, 61.718], [59.973, 61.883], [59.487, 61.946], [59.4, 62.157], [59.613, 62.366], [59.625, 62.545], [59.443, 62.566], [59.392, 62.737], [59.448, 62.918], [59.204, 63.028], [59.366, 63.266], [59.378, 63.422], [59.533, 63.714], [59.561, 63.909], [59.837, 64.087], [59.56, 64.248], [59.651, 64.433], [59.507, 64.49], [59.676, 64.801], [60.034, 65.028], [60.417, 65.066], [60.61, 64.921], [60.948, 65.015], [61.627, 65.562], [62, 65.718], [62.265, 65.632], [62.454, 65.339], [62.872, 65.291], [62.824, 65.055], [62.695, 64.873], [62.812, 64.736], [62.558, 64.559], [62.913, 64.468], [63.247, 64.52], [63.478, 64.456], [63.611, 64.271], [64.043, 64.359], [64.482, 64.371], [64.604, 64.443], [65.179, 64.468], [65.376, 64.555], [65.933, 64.555], [66.198, 64.591], [66.455, 64.527], [66.709, 64.554], [66.99, 64.452], [66.829, 64.292], [66.867, 64.203], [67.469, 64.077], [67.836, 64.048], [68.449, 64.288], [68.915, 64.226], [68.858, 64.439], [69.28, 64.476], [69.397, 64.387], [69.725, 64.396], [69.889, 64.322], [70.294, 64.344], [70.664, 64.239], [70.766, 64.112], [70.559, 64.015], [70.923, 63.703], [71.456, 63.683], [71.645, 63.193], [72.128, 63.297], [72.663, 63.282], [73.054, 63.427], [73.498, 63.188], [74.253, 63.173], [74.524, 63.036], [74.942, 63.025], [75.313, 63.097], [75.893, 63.106], [76.34, 62.951], [76.667, 63.035], [77.025, 62.972], [77.137, 62.811], [77.378, 62.708], [77.87, 62.576], [78.093, 62.464], [78.406, 62.56], [78.739, 62.602], [79.843, 62.609], [79.908, 62.785], [80.093, 62.818], [80.922, 63.157], [81.391, 62.817], [81.841, 62.696], [82.159, 62.813], [82.289, 62.766], [82.762, 62.749], [82.759, 62.66], [83.023, 62.526], [83.324, 62.458], [83.814, 62.57], [83.999, 62.415], [84.239, 62.381], [84.441, 62.196], [84.519, 61.928], [84.678, 61.808], [85.097, 61.752], [85.493, 61.617], [85.961, 61.545], [85.641, 61.367], [85.697, 61.284], [84.263, 60.863]]]}, "properties": {"name": "Ханты-Мансийский автономный округ - Югра", "name_latin": "Khanty–Mansi Autonomous Okrug – Yugra"}}, {"type": "Feature", "geometry": {"type": "MultiPolygon", "coordinates": [[[[163.265, 64.693], [162.752, 64.662], [162.65, 64.741], [162.319, 64.744], [161.799, 64.84], [161.718, 65.003], [161.406, 65.119], [161.037, 65.178], [160.502, 65.178], [160.093, 65.502], [158.952, 65.727], [158.9, 65.817], [159.26, 66.164], [159.216, 66.216], [158.543, 66.335], [158.504, 66.463], [158.711, 66.689], [158.935, 66.769], [158.712, 67.038], [157.811, 67.308], [157.908, 67.42], [157.744, 67.558], [157.81, 67.675], [158.361, 67.734], [158.104, 67.914], [158.372, 68.076], [158.98, 68.124], [160.073, 68.267], [160.398, 68.239], [161.029, 68.284], [161.45, 68.378], [161.985, 68.359], [162.394, 68.275], [162.752, 68.584], [162.592, 68.778], [162.799, 68.823], [162.58, 68.961], [162.532, 69.106], [162.772, 69.181], [162.514, 69.328], [162.325, 69.529], [162.469, 69.655], [162.877, 69.636], [163.201, 69.699], [163.784, 69.677], [164.017, 69.754], [164.555, 69.584], [165.807, 69.57], [166.465, 69.497], [166.979, 69.481], [167.608, 69.711], [167.945, 69.92], [168.518, 70.02], [169.399, 69.865], [169.183, 69.554], [168.933, 69.555], [168.168, 69.679], [168.285, 69.541], [168.219, 69.379], [168.348, 69.205], [168.716, 69.198], [169.39, 69.053], [169.456, 68.815], [169.743, 68.766], [170.422, 68.825], [171.021, 69.046], [170.929, 69.273], [170.681, 69.54], [170.215, 69.68], [170.605, 69.764], [170.583, 70.035], [170.945, 70.087], [171.846, 69.992], [172.791, 69.918], [173.226, 69.764], [173.489, 69.933], [173.888, 69.846], [175.114, 69.837], [176.135, 69.871], [176.453, 69.731], [176.904, 69.642], [177.505, 69.587], [177.963, 69.475], [178.761, 69.405], [179.388, 69.236], [180, 68.978], [180, 68.97], [180, 68.906], [180, 67.5], [180, 66.094], [180, 65.361], [180, 65.36], [180, 65.312], [180, 65.038], [180, 65.037], [179.512, 64.796], [178.392, 64.638], [177.679, 64.696], [177.291, 64.916], [177.172, 64.765], [176.675, 64.854], [176.468, 64.662], [176.725, 64.594], [177.092, 64.706], [177.54, 64.733], [177.413, 64.512], [177.486, 64.409], [177.98, 64.203], [178.333, 64.324], [178.685, 63.974], [178.825, 63.536], [179.007, 63.329], [179.452, 63.116], [179.288, 63.009], [179.367, 62.877], [179.581, 62.82], [179.632, 62.688], [179.364, 62.477], [179.213, 62.492], [179.027, 62.338], [178.34, 62.457], [178.099, 62.528], [177.619, 62.56], [176.949, 62.517], [176.538, 62.414], [176.276, 62.291], [175.758, 62.204], [175.211, 62.007], [174.475, 61.808], [174.452, 62.024], [174.193, 62.073], [174.059, 62.266], [174.159, 62.424], [173.955, 62.437], [173.672, 62.547], [173.162, 62.447], [173.07, 62.383], [172.208, 62.465], [171.896, 62.36], [171.472, 62.304], [171.148, 62.335], [170.837, 62.251], [170.544, 62.304], [170.235, 62.292], [170.082, 62.436], [170.048, 62.675], [169.852, 62.656], [169.109, 62.98], [168.922, 62.944], [168.466, 63.083], [168.745, 63.18], [168.827, 63.305], [169.155, 63.474], [169.642, 63.654], [169.387, 63.94], [169.102, 63.941], [168.652, 64.194], [168.563, 64.289], [168.038, 64.265], [167.384, 64.479], [167.248, 64.603], [166.635, 64.521], [166.408, 64.59], [166.041, 64.549], [165.024, 64.838], [164.797, 64.768], [164.27, 64.927], [163.908, 64.848], [163.609, 64.923], [163.267, 64.797], [163.265, 64.693]]], [[[-180, 65.037], [-180, 65.038], [-180, 65.312], [-180, 65.322], [-180, 65.332], [-180, 65.36], [-180, 65.361], [-180, 66.094], [-180, 67.651], [-180, 68.978], [-179.484, 68.923], [-178.881, 68.766], [-178.413, 68.569], [-177.578, 68.299], [-176.201, 67.911], [-175.257, 67.655], [-175.237, 67.553], [-174.787, 67.364], [-174.888, 67.226], [-174.853, 66.978], [-174.701, 66.771], [-174.921, 66.645], [-174.445, 66.533], [-174.381, 66.338], [-174.025, 66.471], [-174.203, 66.555], [-173.942, 66.66], [-174.051, 66.974], [-173.412, 67.079], [-172.057, 66.951], [-171.716, 66.951], [-171.355, 66.673], [-170.665, 66.419], [-170.208, 66.283], [-170.112, 66.207], [-169.727, 66.153], [-169.652, 66.079], [-170.158, 66.006], [-170.534, 65.852], [-170.501, 65.652], [-170.842, 65.621], [-171.079, 65.469], [-171.284, 65.527], [-172.091, 65.475], [-172.212, 65.333], [-172.088, 65.096], [-172.256, 64.969], [-172.76, 64.833], [-172.894, 64.616], [-172.412, 64.536], [-172.33, 64.453], [-173.107, 64.241], [-173.992, 64.416], [-174.039, 64.53], [-174.927, 64.787], [-175.453, 64.8], [-175.482, 64.878], [-175.892, 65.001], [-175.742, 65.156], [-175.919, 65.412], [-176.946, 65.603], [-177.258, 65.494], [-177.634, 65.442], [-178.253, 65.448], [-178.484, 65.542], [-178.405, 65.702], [-178.58, 65.734], [-178.821, 65.94], [-178.506, 66.115], [-178.444, 66.352], [-178.959, 66.159], [-179.75, 66.097], [-179.795, 65.94], [-179.655, 65.758], [-179.274, 65.63], [-179.273, 65.526], [-179.488, 65.411], [-179.537, 65.239], [-180, 65.037]]], [[[180, 71.532], [180, 70.976], [179.492, 70.853], [178.789, 70.8], [178.628, 71.072], [178.906, 71.22], [180, 71.532]]], [[[-179.556, 71.59], [-179.077, 71.601], [-178.255, 71.527], [-177.707, 71.292], [-177.433, 71.225], [-177.584, 71.103], [-177.906, 71.024], [-179.463, 70.885], [-180, 70.976], [-180, 71.527], [-180, 71.532], [-179.556, 71.59]]]]}, "properties": {"name": "Чукотский автономный округ", "name_latin": "Chukotka Autonomous Okrug"}}, {"type": "Feature", "geometry": {"type": "Polygon", "coordinates": [[[75.131, 58.664], [75.108, 58.576], [74.629, 58.288], [74.22, 58.136], [73.128, 58.155], [72.868, 58.001], [72.167, 58.015], [71.99, 58.116], [71.214, 58.054], [71.238, 58.328], [71.053, 58.511], [70.853, 58.529], [70.43, 57.952], [70.392, 57.782], [70.558, 57.719], [70.686, 57.516], [70.418, 57.415], [70.459, 57.282], [70.781, 57.276], [71.065, 57.351], [71.116, 57.202], [71.605, 56.933], [71.677, 56.765], [71.37, 56.632], [71.121, 56.653], [70.928, 56.317], [70.732, 56.253], [70.902, 56.112], [70.809, 55.903], [70.603, 55.837], [70.532, 55.694], [70.757, 55.585], [70.44, 55.408], [70.461, 55.28], [70.229, 55.147], [69.952, 55.21], [69.684, 55.351], [69.455, 55.342], [68.935, 55.44], [68.714, 55.348], [68.189, 55.589], [68.139, 55.729], [67.921, 55.655], [67.794, 55.729], [67.404, 55.728], [67.278, 55.939], [66.764, 55.976], [66.452, 55.96], [66.161, 56.069], [66.021, 55.994], [65.842, 56.069], [65.683, 56.27], [65.122, 56.308], [64.989, 56.518], [64.927, 56.772], [65.17, 56.764], [65.253, 56.921], [65.074, 56.947], [64.982, 57.068], [65.005, 57.234], [64.827, 57.293], [64.937, 57.555], [64.833, 57.648], [65.407, 57.826], [65.534, 57.762], [66.185, 58.011], [66, 58.249], [65.95, 58.615], [66.291, 58.595], [66.785, 58.657], [66.772, 58.923], [67.052, 58.932], [67.613, 59.105], [67.794, 59.21], [68.104, 59.211], [68.403, 59.306], [68.573, 59.588], [68.729, 59.568], [69.309, 59.77], [69.072, 59.905], [69.268, 59.99], [69.651, 59.91], [70.134, 59.95], [70.396, 59.839], [70.743, 59.885], [71.258, 59.789], [72.025, 59.552], [72.442, 59.3], [72.553, 59.139], [72.911, 59.154], [73.1, 58.952], [73.025, 58.875], [73.5, 58.825], [73.719, 58.856], [74.175, 58.726], [74.793, 58.729], [75.131, 58.664]]]}, "properties": {"name": "Тюменская область", "name_latin": "Tyumen Oblast"}}, {"type": "Feature", "geometry": {"type": "Polygon", "coordinates": [[[38.318, 56.659], [38.532, 56.59], [38.842, 56.605], [38.972, 56.535], [39.273, 56.537], [39.402, 56.771], [39.901, 56.77], [39.869, 56.625], [40.047, 56.484], [40.226, 56.44], [40.491, 56.584], [40.767, 56.594], [40.918, 56.503], [41.585, 56.474], [41.949, 56.482], [42.614, 56.407], [42.726, 56.366], [42.872, 56.138], [42.393, 55.789], [42.137, 55.682], [42.065, 55.587], [42.167, 55.444], [42.017, 55.377], [41.796, 55.104], [41.443, 55.145], [41.295, 55.233], [40.993, 55.257], [40.613, 55.218], [40.191, 55.365], [40.168, 55.527], [39.886, 55.761], [39.889, 55.833], [39.403, 55.786], [39.28, 55.851], [38.838, 55.915], [38.576, 55.999], [38.521, 56.182], [38.397, 56.283], [38.446, 56.387], [38.274, 56.532], [38.318, 56.659]]]}, "properties": {"name": "Владимирская область", "name_latin": "Vladimir Oblast"}}, {"type": "Feature", "geometry": {"type": "Polygon", "coordinates": [[[37.045, 55.142], [37.163, 55.232], [37.405, 55.251], [37.467, 55.413], [37.887, 55.705], [37.703, 55.893], [37.409, 55.881], [37.417, 55.681], [37.087, 55.59], [37.14, 55.473], [36.816, 55.508], [36.937, 55.241], [36.417, 55.304], [36.115, 55.185], [35.741, 55.296], [35.446, 55.229], [35.334, 55.272], [35.331, 55.793], [35.148, 55.958], [35.305, 56.058], [35.316, 56.228], [35.502, 56.259], [35.434, 56.459], [35.735, 56.39], [36.012, 56.378], [36.542, 56.474], [36.813, 56.579], [37.098, 56.541], [37.167, 56.78], [37.483, 56.788], [37.548, 56.918], [37.758, 56.95], [38.244, 56.793], [38.318, 56.659], [38.274, 56.532], [38.446, 56.387], [38.397, 56.283], [38.521, 56.182], [38.576, 55.999], [38.838, 55.915], [39.28, 55.851], [39.403, 55.786], [39.889, 55.833], [39.886, 55.761], [40.168, 55.527], [40.191, 55.365], [40.155, 55.264], [39.838, 55.205], [39.804, 55.005], [39.518, 54.984], [39.226, 54.636], [38.827, 54.606], [38.666, 54.257], [38.377, 54.527], [38.517, 54.591], [38.134, 54.687], [37.938, 54.85], [37.758, 54.743], [37.563, 54.742], [37.446, 54.842], [37.272, 54.84], [37.045, 55.142]]]}, "properties": {"name": "Московская область", "name_latin": "Moscow Oblast"}}, {"type": "Feature", "geometry": {"type": "Polygon", "coordinates": [[[41.401, 50.203], [41.522, 50.362], [41.348, 50.71], [41.472, 50.95], [41.751, 51.006], [41.928, 51.194], [42.087, 51.148], [42.596, 51.153], [42.708, 51.248], [42.881, 51.233], [43.183, 51.114], [43.357, 50.999], [43.916, 51.161], [44.185, 51.093], [44.211, 51.182], [44.499, 51.205], [44.994, 51.147], [45.189, 51.044], [45.326, 50.861], [45.193, 50.586], [45.706, 50.582], [45.744, 50.757], [46.034, 50.665], [46.067, 50.532], [46.455, 50.556], [46.568, 50.69], [46.857, 50.641], [46.911, 50.49], [47.205, 50.509], [47.272, 50.379], [47.431, 50.377], [47.257, 50.192], [47.353, 50.094], [47.182, 49.935], [46.902, 49.863], [46.78, 49.338], [46.992, 49.235], [47.029, 49.088], [46.779, 48.952], [46.627, 48.679], [46.329, 48.863], [46.06, 48.905], [45.716, 48.649], [45.327, 48.549], [45.014, 48.425], [44.959, 48.271], [44.926, 48.12], [44.81, 48.051], [44.542, 48.05], [44.544, 48.188], [44.326, 48.239], [44.325, 48.041], [44.422, 47.957], [44.355, 47.854], [44.083, 47.899], [43.946, 47.753], [43.715, 47.718], [43.711, 47.474], [43.315, 47.448], [42.926, 47.519], [42.72, 47.876], [42.525, 48.019], [42.046, 48.027], [42.181, 48.277], [42.086, 48.416], [42.317, 48.516], [42.528, 48.521], [42.704, 48.587], [42.745, 48.774], [42.683, 48.936], [42.418, 49.003], [42.34, 49.139], [42.021, 49.134], [42.081, 49.513], [42.184, 49.676], [41.878, 49.907], [41.617, 49.96], [41.401, 50.203]]]}, "properties": {"name": "Волгоградская область", "name_latin": "Volgograd Oblast"}}, {"type": "Feature", "geometry": {"type": "Polygon", "coordinates": [[[50.768, 51.774], [51.033, 51.923], [51.391, 52.069], [51.384, 52.358], [51.548, 52.462], [51.53, 52.632], [51.72, 52.652], [51.767, 52.8], [51.914, 52.971], [52.055, 52.964], [52.162, 53.088], [52.127, 53.233], [52.212, 53.381], [52.189, 53.556], [52.479, 54.071], [52.311, 54.177], [52.568, 54.34], [52.696, 54.361], [52.922, 54.269], [53.082, 54.317], [53.084, 54.092], [53.501, 54.056], [53.645, 53.754], [53.851, 53.684], [54.075, 53.442], [54.548, 53.355], [54.552, 53.263], [54.927, 53.211], [55.14, 52.814], [55.349, 52.851], [55.367, 52.683], [55.5, 52.462], [55.773, 52.346], [55.848, 52.47], [56.148, 52.632], [56.432, 52.428], [56.487, 52.169], [56.705, 52.06], [56.611, 51.827], [56.771, 51.667], [56.997, 51.721], [57.161, 51.576], [57.306, 51.607], [57.611, 51.785], [57.912, 51.836], [58.188, 51.733], [58.575, 51.772], [58.656, 51.893], [58.617, 52.137], [58.743, 52.259], [58.945, 52.34], [58.855, 52.426], [59.166, 52.277], [59.249, 52.477], [59.678, 52.409], [60.163, 52.4], [60.174, 52.26], [59.968, 52.152], [60.01, 51.994], [60.519, 51.776], [60.354, 51.685], [60.539, 51.617], [60.93, 51.614], [61.019, 51.468], [61.497, 51.411], [61.572, 51.238], [61.449, 50.806], [60.812, 50.656], [60.326, 50.667], [60.036, 50.845], [59.99, 50.683], [59.774, 50.544], [59.517, 50.533], [59.422, 50.641], [58.874, 50.703], [58.66, 50.811], [58.621, 51.025], [58.387, 51.073], [58.322, 51.163], [57.955, 51.089], [57.772, 51.139], [57.75, 50.944], [57.333, 50.945], [57.15, 51.086], [56.704, 51.078], [56.631, 50.986], [56.375, 50.904], [56.186, 50.938], [56.145, 50.757], [55.712, 50.558], [55.376, 50.654], [55.148, 50.796], [55.127, 50.874], [54.6, 51.031], [54.719, 50.608], [54.511, 50.539], [54.415, 50.621], [54.533, 50.852], [54.295, 50.902], [54.124, 51.114], [53.724, 51.214], [53.628, 51.392], [53.351, 51.511], [53.013, 51.479], [52.758, 51.497], [52.596, 51.454], [52.334, 51.743], [52.09, 51.659], [51.863, 51.674], [51.658, 51.504], [51.435, 51.477], [51.383, 51.644], [51.258, 51.691], [50.892, 51.688], [50.768, 51.774]]]}, "properties": {"name": "Оренбургская область", "name_latin": "Orenburg Oblast"}}, {"type": "Feature", "geometry": {"type": "Polygon", "coordinates": [[[52.568, 54.34], [52.311, 54.177], [52.479, 54.071], [52.189, 53.556], [52.212, 53.381], [52.127, 53.233], [52.162, 53.088], [52.055, 52.964], [51.914, 52.971], [51.767, 52.8], [51.72, 52.652], [51.53, 52.632], [51.548, 52.462], [51.384, 52.358], [51.391, 52.069], [51.033, 51.923], [50.768, 51.774], [50.702, 51.933], [50.352, 51.982], [49.986, 52.172], [49.798, 52.172], [49.52, 52.396], [49.31, 52.401], [49.171, 52.5], [48.912, 52.468], [48.727, 52.543], [48.693, 52.639], [48.349, 52.663], [48.429, 52.814], [48.36, 52.957], [47.937, 53.362], [48.036, 53.471], [48.37, 53.474], [48.569, 53.732], [48.995, 53.707], [48.995, 53.872], [49.703, 53.83], [49.928, 53.889], [50.182, 54.024], [50.239, 54.296], [50.092, 54.507], [50.387, 54.485], [50.521, 54.325], [50.736, 54.405], [50.954, 54.392], [51.008, 54.549], [51.228, 54.632], [51.938, 54.517], [51.942, 54.442], [52.502, 54.459], [52.568, 54.34]]]}, "properties": {"name": "Самарская область", "name_latin": "Samara Oblast"}}, {"type": "Feature", "geometry": {"type": "Polygon", "coordinates": [[[44.959, 48.271], [45.014, 48.425], [45.327, 48.549], [45.716, 48.649], [46.06, 48.905], [46.329, 48.863], [46.627, 48.679], [46.492, 48.437], [47.125, 48.27], [47.052, 47.99], [47.195, 47.761], [47.386, 47.682], [47.415, 47.832], [47.671, 47.756], [48.117, 47.75], [48.446, 47.419], [48.517, 47.412], [48.721, 47.079], [49.018, 46.763], [48.75, 46.687], [48.514, 46.737], [48.563, 46.56], [49.154, 46.385], [49.318, 46.275], [49.326, 46.137], [49.152, 46.019], [48.81, 45.895], [48.747, 45.644], [48.681, 45.603], [48.269, 45.698], [48.088, 45.634], [47.891, 45.697], [47.835, 45.544], [47.518, 45.657], [46.97, 45.622], [46.814, 45.568], [46.501, 45.68], [46.288, 45.919], [46.461, 45.972], [46.45, 46.172], [46.663, 46.441], [46.966, 46.446], [46.866, 46.619], [46.958, 46.718], [46.962, 46.974], [46.74, 47.073], [46.537, 47.403], [46.849, 47.558], [46.687, 47.601], [46.399, 47.413], [46.267, 47.42], [46.015, 47.56], [45.74, 47.83], [45.709, 48.032], [45.539, 48], [45.263, 48.105], [45.163, 48.221], [44.959, 48.271]]]}, "properties": {"name": "Астраханская область", "name_latin": "Astrakhan Oblast"}}, {"type": "Feature", "geometry": {"type": "Polygon", "coordinates": [[[38.684, 44.951], [38.898, 45.054], [39.076, 44.979], [39.376, 45.057], [39.544, 45.187], [39.9, 45.097], [40.281, 45.104], [40.528, 44.933], [40.34, 44.627], [40.483, 44.315], [40.36, 44.247], [40.477, 43.959], [40.366, 43.773], [39.778, 43.962], [39.865, 44.184], [40.088, 44.179], [39.879, 44.397], [39.896, 44.662], [40.029, 44.747], [39.885, 45.023], [39.692, 44.951], [39.556, 44.807], [39.091, 44.817], [38.684, 44.951]]]}, "properties": {"name": "Адыгея", "name_latin": "Republic of Adygea"}}, {"type": "Feature", "geometry": {"type": "Polygon", "coordinates": [[[45.705, 44.977], [45.586, 45.121], [45.194, 45.284], [44.319, 45.551], [44.181, 45.635], [43.918, 45.945], [43.47, 45.989], [43.31, 46.09], [43.002, 46.169], [42.914, 46.236], [42.555, 46.006], [42.32, 45.968], [42.33, 46.135], [42.171, 46.112], [42.083, 45.966], [41.714, 45.982], [41.638, 46.176], [41.863, 46.144], [41.962, 46.298], [42.101, 46.374], [42.045, 46.534], [42.397, 46.511], [42.598, 46.384], [42.932, 46.447], [43.333, 46.169], [43.623, 46.178], [43.746, 46.363], [43.895, 46.3], [43.915, 46.715], [44.256, 46.899], [44.319, 47.141], [44.311, 47.479], [43.964, 47.4], [43.94, 47.259], [43.793, 47.268], [43.711, 47.474], [43.715, 47.718], [43.946, 47.753], [44.083, 47.899], [44.355, 47.854], [44.422, 47.957], [44.325, 48.041], [44.326, 48.239], [44.544, 48.188], [44.542, 48.05], [44.81, 48.051], [44.926, 48.12], [44.959, 48.271], [45.163, 48.221], [45.263, 48.105], [45.539, 48], [45.709, 48.032], [45.74, 47.83], [46.015, 47.56], [46.267, 47.42], [46.399, 47.413], [46.687, 47.601], [46.849, 47.558], [46.537, 47.403], [46.74, 47.073], [46.962, 46.974], [46.958, 46.718], [46.866, 46.619], [46.966, 46.446], [46.663, 46.441], [46.45, 46.172], [46.461, 45.972], [46.288, 45.919], [46.501, 45.68], [46.814, 45.568], [46.97, 45.622], [47.518, 45.657], [47.537, 45.618], [47.525, 45.516], [47.277, 45.241], [47.2, 45.022], [47.069, 44.839], [46.895, 44.812], [46.635, 44.861], [46.505, 44.934], [45.969, 44.981], [45.705, 44.977]]]}, "properties": {"name": "Республика Калмыкия", "name_latin": "Republic of Kalmykia"}}, {"type": "Feature", "geometry": {"type": "Polygon", "coordinates": [[[41.737, 44.473], [41.634, 44.378], [41.744, 44.268], [41.699, 44.171], [41.48, 44.001], [41.309, 43.998], [41.264, 44.095], [41.085, 44.095], [40.803, 43.918], [40.723, 43.795], [40.714, 43.533], [40.566, 43.519], [40.242, 43.587], [40.091, 43.556], [40.008, 43.385], [39.461, 43.789], [38.998, 44.162], [38.793, 44.28], [38.221, 44.412], [37.931, 44.645], [37.548, 44.676], [37.381, 44.757], [37.26, 44.975], [36.621, 45.211], [36.865, 45.249], [37.101, 45.359], [37.326, 45.33], [37.597, 45.453], [37.649, 45.686], [37.838, 45.761], [37.988, 46.043], [38.245, 46.16], [38.283, 46.27], [38.097, 46.397], [37.887, 46.433], [37.75, 46.666], [38.046, 46.642], [38.442, 46.846], [38.686, 46.871], [38.896, 46.826], [38.902, 46.635], [39.209, 46.621], [39.263, 46.794], [40.063, 46.772], [40.064, 46.534], [40.221, 46.538], [40.324, 46.283], [40.744, 46.286], [40.926, 46.23], [40.979, 46.113], [41.161, 45.952], [41.167, 45.674], [40.848, 45.694], [40.846, 45.517], [40.98, 45.422], [41.036, 45.225], [41.354, 45.223], [41.351, 45.091], [41.456, 44.988], [41.654, 44.986], [41.56, 44.738], [41.427, 44.708], [41.59, 44.516], [41.737, 44.473]], [[38.684, 44.951], [39.091, 44.817], [39.556, 44.807], [39.692, 44.951], [39.885, 45.023], [40.029, 44.747], [39.896, 44.662], [39.879, 44.397], [40.088, 44.179], [39.865, 44.184], [39.778, 43.962], [40.366, 43.773], [40.477, 43.959], [40.36, 44.247], [40.483, 44.315], [40.34, 44.627], [40.528, 44.933], [40.281, 45.104], [39.9, 45.097], [39.544, 45.187], [39.376, 45.057], [39.076, 44.979], [38.898, 45.054], [38.684, 44.951]]]}, "properties": {"name": "Краснодарский край", "name_latin": "Krasnodar Krai"}}, {"type": "Feature", "geometry": {"type": "Polygon", "coordinates": [[[40.135, 49.617], [40.549, 49.581], [40.637, 49.673], [40.922, 49.701], [41.082, 49.943], [41.298, 50.021], [41.401, 50.203], [41.617, 49.96], [41.878, 49.907], [42.184, 49.676], [42.081, 49.513], [42.021, 49.134], [42.34, 49.139], [42.418, 49.003], [42.683, 48.936], [42.745, 48.774], [42.704, 48.587], [42.528, 48.521], [42.317, 48.516], [42.086, 48.416], [42.181, 48.277], [42.046, 48.027], [42.525, 48.019], [42.72, 47.876], [42.926, 47.519], [43.315, 47.448], [43.711, 47.474], [43.793, 47.268], [43.94, 47.259], [43.964, 47.4], [44.311, 47.479], [44.319, 47.141], [44.256, 46.899], [43.915, 46.715], [43.895, 46.3], [43.746, 46.363], [43.623, 46.178], [43.333, 46.169], [42.932, 46.447], [42.598, 46.384], [42.397, 46.511], [42.045, 46.534], [42.101, 46.374], [41.962, 46.298], [41.863, 46.144], [41.638, 46.176], [41.714, 45.982], [41.394, 45.997], [41.161, 45.952], [40.979, 46.113], [40.926, 46.23], [40.744, 46.286], [40.324, 46.283], [40.221, 46.538], [40.064, 46.534], [40.063, 46.772], [39.263, 46.794], [39.209, 46.621], [38.902, 46.635], [38.896, 46.826], [38.686, 46.871], [38.851, 46.913], [39.248, 47.092], [39.197, 47.284], [38.955, 47.269], [38.865, 47.174], [38.231, 47.12], [38.221, 47.305], [38.303, 47.392], [38.351, 47.616], [38.616, 47.644], [38.79, 47.737], [38.877, 47.876], [39.149, 47.842], [39.387, 47.871], [39.738, 47.828], [39.937, 48.181], [39.943, 48.347], [39.848, 48.57], [39.661, 48.608], [39.852, 48.891], [39.767, 49.04], [39.938, 49.082], [40.196, 49.24], [40.2, 49.346], [40.03, 49.454], [40.135, 49.617]]]}, "properties": {"name": "Ростовская область", "name_latin": "Rostov Oblast"}}, {"type": "Feature", "geometry": {"type": "Polygon", "coordinates": [[[33.146, 66.555], [32.557, 66.576], [32.36, 66.475], [32.343, 66.345], [31.83, 66.371], [31.621, 66.502], [31.576, 66.654], [29.322, 66.663], [29.061, 66.853], [29.073, 66.996], [29.931, 67.523], [30.017, 67.674], [29.659, 67.803], [29.327, 68.075], [28.646, 68.196], [28.434, 68.54], [28.801, 68.869], [28.495, 68.93], [29.242, 69.113], [29.286, 69.294], [29.573, 69.319], [30.516, 69.54], [30.864, 69.537], [30.946, 69.675], [30.828, 69.791], [31.686, 69.705], [31.775, 69.832], [32.056, 69.945], [32.535, 69.791], [33.069, 69.745], [33.086, 69.641], [32.536, 69.486], [33.497, 69.403], [33.765, 69.294], [34.069, 69.388], [35.162, 69.185], [35.375, 69.229], [36.288, 69.097], [37.982, 68.569], [38.09, 68.491], [38.75, 68.326], [39.418, 68.092], [39.866, 68.035], [40.657, 67.801], [41.037, 67.634], [40.981, 67.468], [41.081, 67.255], [41.353, 67.193], [41.343, 66.99], [41.221, 66.829], [40.558, 66.451], [39.997, 66.254], [39.105, 66.102], [38.274, 66.058], [37.561, 66.136], [37.169, 66.238], [36.518, 66.276], [35.554, 66.384], [34.905, 66.594], [34.458, 66.542], [34.377, 66.655], [33.521, 66.713], [33.166, 66.822], [32.61, 67.12], [32.533, 66.879], [32.708, 66.786], [33.261, 66.659], [33.146, 66.555]]]}, "properties": {"name": "Мурманская область", "name_latin": "Murmansk Oblast"}}, {"type": "Feature", "geometry": {"type": "Polygon", "coordinates": [[[27.738, 58.978], [27.918, 59.021], [28.374, 58.878], [28.973, 58.805], [29.423, 58.59], [29.597, 58.458], [29.894, 58.446], [29.892, 58.31], [29.629, 58.101], [29.987, 58.03], [30.072, 57.958], [30.545, 57.864], [30.452, 57.688], [30.681, 57.644], [30.423, 57.424], [30.541, 57.304], [30.746, 57.263], [30.676, 57.004], [30.979, 56.97], [30.772, 56.764], [31.022, 56.644], [31.043, 56.468], [31.229, 56.338], [31.509, 56.308], [31.364, 55.968], [31.483, 55.719], [31.038, 55.759], [30.932, 55.623], [30.759, 55.604], [30.275, 55.862], [29.9, 55.861], [29.586, 55.759], [29.36, 55.797], [29.446, 55.959], [29.088, 56.034], [28.81, 55.972], [28.55, 56.114], [28.294, 56.066], [28.196, 56.139], [28.242, 56.279], [27.719, 57.093], [27.87, 57.29], [27.352, 57.519], [27.376, 57.668], [27.526, 57.709], [27.656, 57.955], [27.491, 58.225], [27.553, 58.366], [27.357, 58.787], [27.738, 58.978]]]}, "properties": {"name": "Псковская область", "name_latin": "Pskov Oblast"}}, {"type": "Feature", "geometry": {"type": "Polygon", "coordinates": [[[29.648, 59.93], [30.031, 59.862], [29.922, 60.146], [29.457, 60.17], [29.758, 60.243], [30.468, 60.033], [30.576, 59.73], [30.301, 59.747], [29.648, 59.93]]]}, "properties": {"name": "Санкт-Петербург", "name_latin": "Saint Petersburg"}}, {"type": "Feature", "geometry": {"type": "Polygon", "coordinates": [[[29.894, 58.446], [29.597, 58.458], [29.423, 58.59], [28.973, 58.805], [28.374, 58.878], [27.918, 59.021], [27.738, 58.978], [27.954, 59.27], [28.21, 59.37], [28.045, 59.478], [28.095, 59.595], [28.397, 59.667], [28.545, 59.849], [28.718, 59.776], [29.061, 59.865], [29.206, 59.993], [29.648, 59.93], [30.301, 59.747], [30.576, 59.73], [30.468, 60.033], [29.758, 60.243], [29.457, 60.17], [29.148, 60.16], [28.585, 60.378], [28.509, 60.639], [27.874, 60.453], [27.775, 60.533], [28.819, 61.122], [29.306, 61.329], [29.564, 61.184], [30.385, 61.12], [32.094, 60.818], [32.916, 60.68], [33.158, 60.739], [33.331, 60.899], [33.785, 60.937], [33.92, 61.089], [33.668, 61.232], [34.242, 61.237], [34.794, 61.29], [35.298, 61.252], [35.416, 61.143], [35.698, 61.207], [35.697, 61.003], [35.462, 60.857], [35.176, 60.77], [35.299, 60.601], [35.238, 60.291], [35.156, 60.152], [35.321, 59.981], [35.407, 59.719], [35.495, 59.652], [35.441, 59.426], [35.178, 59.258], [34.849, 59.201], [34.722, 59.085], [34.284, 59.178], [34.032, 59.148], [33.63, 59.382], [33.057, 59.419], [32.847, 59.349], [32.647, 59.117], [32.447, 59.108], [32.096, 59.382], [31.552, 59.369], [31.477, 59.102], [31.222, 59.005], [31.081, 59.091], [30.922, 58.922], [30.683, 58.859], [30.664, 58.737], [30.122, 58.745], [30.171, 58.53], [29.894, 58.446]]]}, "properties": {"name": "Ленинградская область", "name_latin": "Leningrad Oblast"}}, {"type": "Feature", "geometry": {"type": "Polygon", "coordinates": [[[42.443, 54.825], [42.434, 54.794], [42.444, 54.798], [42.886, 54.767], [43.116, 54.794], [43.243, 54.92], [43.591, 54.903], [43.861, 54.805], [44.068, 54.649], [44.627, 54.556], [44.908, 54.464], [45.14, 54.489], [45.018, 54.705], [45.231, 54.877], [45.427, 54.886], [45.423, 55.038], [45.64, 55.178], [45.752, 55.068], [46.061, 55.048], [46.411, 54.874], [46.442, 54.761], [46.534, 54.399], [46.324, 54.19], [45.97, 54.138], [45.814, 53.976], [45.357, 53.87], [45.176, 53.972], [44.831, 53.963], [44.608, 53.881], [44.715, 53.68], [44.459, 53.664], [43.927, 53.771], [43.924, 53.874], [43.535, 54.014], [43.127, 53.977], [42.932, 53.796], [42.629, 53.809], [42.499, 53.735], [42.35, 53.854], [42.417, 54.103], [42.584, 54.178], [42.478, 54.299], [42.649, 54.588], [42.44, 54.71], [42.389, 54.79], [42.443, 54.825]]]}, "properties": {"name": "Республика Мордовия", "name_latin": "Republic of Mordovia"}}, {"type": "Feature", "geometry": {"type": "Polygon", "coordinates": [[[53.501, 54.056], [53.084, 54.092], [53.082, 54.317], [52.922, 54.269], [52.696, 54.361], [52.568, 54.34], [52.502, 54.459], [51.942, 54.442], [51.938, 54.517], [51.228, 54.632], [51.008, 54.549], [50.954, 54.392], [50.736, 54.405], [50.521, 54.325], [50.387, 54.485], [50.092, 54.507], [49.581, 54.615], [49.476, 54.779], [49.288, 54.891], [49.09, 54.789], [48.882, 54.796], [48.882, 54.625], [48.465, 54.625], [48.249, 54.718], [47.903, 54.696], [47.718, 54.735], [47.617, 54.558], [47.356, 54.627], [47.291, 54.674], [47.268, 54.673], [47.451, 54.861], [47.723, 54.859], [47.976, 54.953], [48.108, 55.146], [48.016, 55.285], [47.78, 55.333], [48.084, 55.695], [48.222, 55.687], [48.406, 55.826], [48.474, 55.936], [48.666, 55.938], [48.948, 56.139], [49.052, 56.345], [49.313, 56.332], [49.569, 56.503], [49.946, 56.429], [50.16, 56.531], [50.081, 56.611], [50.431, 56.609], [50.631, 56.338], [50.827, 56.347], [50.875, 56.196], [51.309, 56.078], [51.444, 56.127], [51.417, 55.96], [51.763, 55.922], [51.952, 55.99], [52.559, 56.035], [52.699, 55.999], [52.847, 56.187], [52.555, 56.243], [52.812, 56.397], [53.064, 56.13], [53.333, 56.062], [53.307, 56.25], [53.575, 56.237], [53.452, 56.019], [53.2, 55.926], [53.414, 55.858], [53.697, 55.925], [53.88, 55.887], [54.241, 55.677], [53.966, 55.529], [53.883, 55.371], [53.319, 55.162], [53.319, 55.043], [53.475, 54.978], [53.619, 54.747], [53.438, 54.572], [53.404, 54.397], [53.501, 54.056]]]}, "properties": {"name": "Татарстан", "name_latin": "Republic of Tatarstan"}}, {"type": "Feature", "geometry": {"type": "Polygon", "coordinates": [[[51.444, 56.127], [51.309, 56.078], [50.875, 56.196], [50.827, 56.347], [50.631, 56.338], [50.431, 56.609], [50.081, 56.611], [50.041, 56.852], [49.768, 56.874], [49.65, 57.066], [49.277, 57.034], [49.003, 57.125], [48.581, 57.172], [48.27, 57.134], [48.142, 56.996], [47.769, 57.002], [47.261, 56.807], [47.095, 56.927], [46.722, 56.963], [46.718, 57.286], [46.902, 57.516], [47.237, 57.555], [47.481, 57.515], [47.733, 57.934], [47.297, 58.016], [46.585, 58.028], [46.345, 58.062], [46.395, 58.375], [46.579, 58.399], [46.661, 58.57], [47.018, 58.619], [47.077, 58.757], [47.293, 58.781], [47.493, 58.895], [47.519, 59.061], [47.209, 59.201], [47.248, 59.353], [47.049, 59.369], [47.118, 59.599], [47.153, 59.752], [46.922, 59.765], [47.035, 60.126], [46.835, 60.054], [46.378, 60.129], [46.416, 60.269], [46.763, 60.234], [46.758, 60.365], [47.013, 60.625], [47.072, 60.844], [47.193, 61.067], [47.897, 61.017], [47.967, 60.879], [48.42, 60.837], [48.561, 60.552], [48.531, 60.4], [48.77, 60.316], [48.492, 60.195], [48.523, 59.707], [49.102, 59.662], [49.151, 59.507], [49.569, 59.392], [49.52, 59.216], [49.815, 59.21], [49.859, 59.655], [49.989, 59.778], [50.831, 59.863], [51.048, 60.032], [51.179, 60.049], [51.551, 59.942], [52.065, 60.308], [52.317, 60.227], [52.444, 60.185], [53.373, 60.156], [53.626, 60.114], [53.686, 60.001], [53.598, 59.687], [53.45, 59.703], [53.357, 59.462], [53.223, 59.358], [53.384, 59.153], [53.682, 59.151], [53.903, 59.087], [53.754, 58.965], [53.905, 58.755], [53.703, 58.602], [53.786, 58.456], [53.621, 58.474], [53.374, 58.384], [53.18, 58.501], [52.893, 58.534], [52.843, 58.393], [51.965, 58.453], [51.795, 58.34], [51.79, 58.146], [51.898, 58.012], [51.825, 57.914], [51.954, 57.767], [51.832, 57.571], [51.53, 57.458], [51.165, 57.441], [51.124, 57.243], [51.483, 56.799], [51.393, 56.667], [51.18, 56.685], [51.138, 56.529], [51.404, 56.286], [51.444, 56.127]]]}, "properties": {"name": "Кировская область", "name_latin": "Kirov Oblast"}}, {"type": "Feature", "geometry": {"type": "Polygon", "coordinates": [[[47.118, 59.599], [47.049, 59.369], [47.248, 59.353], [47.209, 59.201], [47.519, 59.061], [47.493, 58.895], [47.293, 58.781], [47.077, 58.757], [47.018, 58.619], [46.661, 58.57], [46.579, 58.399], [46.395, 58.375], [46.345, 58.062], [45.748, 58.029], [45.294, 58.032], [45.224, 58.089], [44.869, 58.077], [44.881, 57.882], [44.739, 57.697], [44.597, 57.701], [44.365, 57.528], [43.853, 57.417], [43.468, 57.591], [43.305, 57.429], [42.896, 57.371], [42.815, 57.43], [42.884, 57.655], [42.124, 57.559], [41.896, 57.693], [41.599, 57.737], [41.567, 57.453], [41.139, 57.409], [41.057, 57.344], [40.43, 57.286], [40.406, 57.493], [40.707, 57.626], [40.638, 57.864], [40.809, 58.007], [40.882, 58.179], [41.19, 58.35], [40.93, 58.576], [41.23, 58.741], [41.172, 58.932], [41.714, 59.085], [42.001, 59.105], [41.951, 59.261], [42.035, 59.43], [42.348, 59.305], [42.574, 59.33], [42.8, 59.17], [43.421, 59.291], [44.091, 59.234], [44.19, 59.17], [45.04, 59.122], [45.34, 59.216], [45.979, 59.172], [46.02, 59.324], [46.369, 59.343], [46.409, 59.619], [47.118, 59.599]]]}, "properties": {"name": "Костромская область", "name_latin": "Kostroma Oblast"}}, {"type": "Feature", "geometry": {"type": "Polygon", "coordinates": [[[38.244, 56.793], [37.758, 56.95], [37.548, 56.918], [37.483, 56.788], [37.167, 56.78], [37.098, 56.541], [36.813, 56.579], [36.542, 56.474], [36.012, 56.378], [35.735, 56.39], [35.434, 56.459], [35.502, 56.259], [35.316, 56.228], [35.305, 56.058], [35.148, 55.958], [34.925, 55.985], [34.539, 55.931], [34.382, 56.023], [33.877, 56.054], [33.651, 55.956], [33.533, 55.774], [32.843, 55.653], [32.458, 55.71], [32.095, 55.671], [32.035, 55.766], [31.483, 55.719], [31.364, 55.968], [31.509, 56.308], [31.229, 56.338], [31.043, 56.468], [31.022, 56.644], [30.772, 56.764], [30.979, 56.97], [31.396, 56.909], [31.725, 57.092], [32.002, 57.114], [32.583, 57.321], [32.707, 57.434], [33.078, 57.466], [33.307, 57.649], [33.593, 57.728], [33.684, 57.906], [33.531, 58.052], [33.617, 58.122], [34.171, 58.213], [34.721, 58.09], [34.749, 58.224], [35.051, 58.195], [35.257, 58.274], [35.331, 58.412], [35.551, 58.457], [35.94, 58.423], [36.182, 58.512], [36.503, 58.515], [36.765, 58.801], [37.071, 58.863], [37.414, 58.583], [37.628, 58.483], [37.369, 58.338], [37.384, 58.203], [37.605, 58.077], [37.408, 57.94], [37.38, 57.837], [37.858, 57.58], [37.801, 57.501], [38.243, 57.117], [38.194, 56.903], [38.244, 56.793]]]}, "properties": {"name": "Тверская область", "name_latin": "Tver Oblast"}}, {"type": "Feature", "geometry": {"type": "Polygon", "coordinates": [[[37.272, 54.84], [37.446, 54.842], [37.563, 54.742], [37.758, 54.743], [37.938, 54.85], [38.134, 54.687], [38.517, 54.591], [38.377, 54.527], [38.666, 54.257], [38.683, 54.089], [38.875, 53.947], [38.938, 53.575], [38.722, 53.528], [38.764, 53.358], [38.529, 53.302], [38.671, 53.13], [38.468, 53.028], [38.231, 52.995], [38.122, 53.054], [37.866, 53.012], [37.649, 53.096], [37.59, 53.279], [37.158, 53.258], [36.784, 53.296], [35.991, 53.626], [35.922, 53.851], [36.128, 53.965], [36.115, 54.109], [36.545, 54.277], [36.967, 54.292], [36.89, 54.46], [36.971, 54.605], [37.143, 54.569], [37.272, 54.84]]]}, "properties": {"name": "Тульская область", "name_latin": "Tula Oblast"}}, {"type": "Feature", "geometry": {"type": "Polygon", "coordinates": [[[36.937, 55.241], [37.045, 55.142], [37.272, 54.84], [37.143, 54.569], [36.971, 54.605], [36.89, 54.46], [36.967, 54.292], [36.545, 54.277], [36.115, 54.109], [36.128, 53.965], [35.922, 53.851], [35.991, 53.626], [35.795, 53.525], [35.623, 53.524], [35.384, 53.337], [35.141, 53.279], [34.983, 53.374], [34.638, 53.383], [34.52, 53.501], [34.496, 53.674], [34.228, 53.839], [33.806, 53.896], [33.716, 54.024], [33.505, 54.017], [33.709, 54.546], [33.987, 54.58], [34.222, 54.504], [34.445, 54.517], [34.621, 54.661], [34.894, 54.758], [35.115, 55.038], [35.274, 55.111], [35.334, 55.272], [35.446, 55.229], [35.741, 55.296], [36.115, 55.185], [36.417, 55.304], [36.937, 55.241]]]}, "properties": {"name": "Калужская область", "name_latin": "Kaluga Oblast"}}, {"type": "Feature", "geometry": {"type": "Polygon", "coordinates": [[[50.092, 54.507], [50.239, 54.296], [50.182, 54.024], [49.928, 53.889], [49.703, 53.83], [48.995, 53.872], [48.995, 53.707], [48.569, 53.732], [48.37, 53.474], [48.036, 53.471], [47.937, 53.362], [48.36, 52.957], [48.429, 52.814], [48.195, 52.769], [47.722, 52.571], [47.54, 52.61], [47.206, 52.547], [46.802, 52.621], [46.94, 52.722], [46.909, 53.363], [46.456, 53.513], [46.438, 53.649], [46.185, 53.912], [45.814, 53.976], [45.97, 54.138], [46.324, 54.19], [46.534, 54.399], [46.442, 54.761], [46.892, 54.644], [47.034, 54.705], [47.268, 54.673], [47.291, 54.674], [47.356, 54.627], [47.617, 54.558], [47.718, 54.735], [47.903, 54.696], [48.249, 54.718], [48.465, 54.625], [48.882, 54.625], [48.882, 54.796], [49.09, 54.789], [49.288, 54.891], [49.476, 54.779], [49.581, 54.615], [50.092, 54.507]]]}, "properties": {"name": "Ульяновская область", "name_latin": "Ulyanovsk Oblast"}}, {"type": "Feature", "geometry": {"type": "Polygon", "coordinates": [[[50.081, 56.611], [50.16, 56.531], [49.946, 56.429], [49.569, 56.503], [49.313, 56.332], [49.052, 56.345], [48.948, 56.139], [48.666, 55.938], [48.474, 55.936], [48.406, 55.826], [48.047, 55.946], [47.879, 56.126], [47.426, 56.157], [47.392, 56.324], [47.151, 56.315], [46.918, 56.213], [46.387, 56.109], [46.185, 56.032], [45.898, 56.22], [45.964, 56.429], [45.662, 56.461], [45.67, 56.614], [45.886, 56.626], [45.942, 56.859], [46.722, 56.963], [47.095, 56.927], [47.261, 56.807], [47.769, 57.002], [48.142, 56.996], [48.27, 57.134], [48.581, 57.172], [49.003, 57.125], [49.277, 57.034], [49.65, 57.066], [49.768, 56.874], [50.041, 56.852], [50.081, 56.611]]]}, "properties": {"name": "Марий Эл", "name_latin": "Mari El Republic"}}, {"type": "Feature", "geometry": {"type": "Polygon", "coordinates": [[[35.148, 55.958], [35.331, 55.793], [35.334, 55.272], [35.274, 55.111], [35.115, 55.038], [34.894, 54.758], [34.621, 54.661], [34.445, 54.517], [34.222, 54.504], [33.987, 54.58], [33.709, 54.546], [33.505, 54.017], [33.251, 53.892], [33.299, 53.817], [32.952, 53.606], [32.763, 53.424], [32.48, 53.548], [32.355, 53.722], [32.141, 53.805], [31.864, 53.783], [31.893, 54.053], [31.314, 54.249], [31.235, 54.434], [31.085, 54.51], [31.206, 54.626], [30.755, 54.805], [30.819, 54.94], [30.994, 55.031], [30.969, 55.178], [30.831, 55.334], [30.935, 55.4], [30.932, 55.623], [31.038, 55.759], [31.483, 55.719], [32.035, 55.766], [32.095, 55.671], [32.458, 55.71], [32.843, 55.653], [33.533, 55.774], [33.651, 55.956], [33.877, 56.054], [34.382, 56.023], [34.539, 55.931], [34.925, 55.985], [35.148, 55.958]]]}, "properties": {"name": "Смоленская область", "name_latin": "Smolensk Oblast"}}, {"type": "Feature", "geometry": {"type": "Polygon", "coordinates": [[[59.348, 61.664], [59.369, 61.393], [59.258, 61.313], [59.369, 60.968], [59.483, 60.832], [59.356, 60.521], [59.218, 60.443], [58.989, 59.908], [58.693, 59.857], [58.479, 59.712], [58.363, 59.465], [58.525, 59.435], [58.625, 59.298], [59.197, 59.147], [59.08, 58.906], [59.154, 58.718], [59.416, 58.663], [59.454, 58.478], [59.287, 58.419], [59.186, 58.279], [58.925, 58.281], [58.587, 58.042], [58.831, 57.74], [58.537, 57.564], [58.447, 57.674], [58.159, 57.68], [57.986, 57.555], [57.94, 57.316], [58.104, 57.129], [57.873, 57.056], [57.676, 56.921], [57.316, 56.928], [57.229, 56.856], [57.399, 56.641], [57.323, 56.394], [57.406, 56.343], [57.168, 56.162], [56.921, 56.104], [56.407, 56.404], [56.081, 56.29], [55.92, 56.45], [55.46, 56.332], [55.022, 56.324], [54.54, 56.511], [54.378, 56.379], [54.329, 56.483], [53.885, 56.663], [54.088, 56.811], [54.153, 56.981], [54.311, 57.084], [54.312, 57.306], [54.142, 57.316], [54.136, 57.958], [53.881, 58.2], [53.786, 58.456], [53.703, 58.602], [53.905, 58.755], [53.754, 58.965], [53.903, 59.087], [53.682, 59.151], [53.384, 59.153], [53.223, 59.358], [53.357, 59.462], [53.45, 59.703], [53.598, 59.687], [53.686, 60.001], [53.626, 60.114], [53.373, 60.156], [52.444, 60.185], [52.317, 60.227], [52.349, 60.438], [52.153, 60.541], [51.772, 60.58], [51.894, 60.882], [52.361, 60.829], [52.431, 60.976], [52.806, 60.938], [52.871, 61.091], [53.414, 61.032], [53.353, 60.882], [53.826, 60.835], [53.876, 60.983], [54.977, 60.86], [55.2, 60.992], [55.272, 61.146], [55.731, 61.092], [55.813, 61.247], [56.275, 61.192], [56.378, 61.443], [56.653, 61.524], [57.093, 61.502], [58.844, 61.495], [59.348, 61.664]]]}, "properties": {"name": "Пермский край", "name_latin": "Perm Krai"}}, {"type": "Feature", "geometry": {"type": "Polygon", "coordinates": [[[42.614, 56.407], [41.949, 56.482], [41.585, 56.474], [40.918, 56.503], [40.767, 56.594], [40.491, 56.584], [40.226, 56.44], [40.047, 56.484], [39.869, 56.625], [39.901, 56.77], [39.402, 56.771], [39.38, 56.833], [39.621, 57.06], [39.853, 57.174], [40.193, 57.204], [40.43, 57.286], [41.057, 57.344], [41.139, 57.409], [41.567, 57.453], [41.599, 57.737], [41.896, 57.693], [42.124, 57.559], [42.884, 57.655], [42.815, 57.43], [42.896, 57.371], [43.305, 57.429], [43.102, 57.199], [43.099, 57.096], [43.251, 56.895], [42.871, 56.809], [42.897, 56.47], [42.614, 56.407]]]}, "properties": {"name": "Ивановская область", "name_latin": "Ivanovo Oblast"}}, {"type": "Feature", "geometry": {"type": "Polygon", "coordinates": [[[46.442, 54.761], [46.411, 54.874], [46.061, 55.048], [46.028, 55.149], [46.229, 55.287], [46.309, 55.5], [46.108, 55.531], [45.96, 55.631], [45.953, 55.758], [46.1, 55.799], [46.08, 55.949], [46.185, 56.032], [46.387, 56.109], [46.918, 56.213], [47.151, 56.315], [47.392, 56.324], [47.426, 56.157], [47.879, 56.126], [48.047, 55.946], [48.406, 55.826], [48.222, 55.687], [48.084, 55.695], [47.78, 55.333], [48.016, 55.285], [48.108, 55.146], [47.976, 54.953], [47.723, 54.859], [47.451, 54.861], [47.268, 54.673], [47.034, 54.705], [46.892, 54.644], [46.442, 54.761]]]}, "properties": {"name": "Чувашия", "name_latin": "Chuvash Republic"}}, {"type": "Feature", "geometry": {"type": "Polygon", "coordinates": [[[44.291, 43.81], [44.79, 43.817], [44.832, 43.682], [44.848, 43.565], [44.634, 43.615], [44.503, 43.588], [44.578, 43.416], [44.569, 43.235], [44.903, 43.097], [44.953, 42.947], [44.854, 42.836], [44.678, 42.756], [44.319, 42.723], [44.233, 42.628], [43.965, 42.547], [43.759, 42.655], [43.779, 42.758], [43.561, 42.868], [43.398, 42.897], [43.572, 42.943], [43.83, 43.323], [44.098, 43.267], [44.475, 43.582], [44.303, 43.688], [44.291, 43.81]]]}, "properties": {"name": "Северная Осетия - Алания", "name_latin": "Republic of North Ossetia-Alania"}}, {"type": "Feature", "geometry": {"type": "Polygon", "coordinates": [[[33.505, 54.017], [33.716, 54.024], [33.806, 53.896], [34.228, 53.839], [34.496, 53.674], [34.52, 53.501], [34.638, 53.383], [34.983, 53.374], [35.141, 53.279], [35.122, 53.154], [35.24, 52.995], [34.876, 52.917], [35.016, 52.709], [34.924, 52.37], [34.869, 52.202], [34.743, 52.088], [34.545, 52.071], [34.364, 51.942], [34.386, 51.843], [34.142, 51.968], [34.116, 52.141], [33.836, 52.361], [33.17, 52.373], [32.996, 52.272], [32.701, 52.248], [32.55, 52.327], [32.355, 52.327], [32.316, 52.121], [32.066, 52.035], [31.782, 52.112], [31.627, 52.29], [31.617, 52.576], [31.503, 52.699], [31.587, 52.794], [31.372, 52.934], [31.331, 53.042], [31.418, 53.188], [31.644, 53.22], [31.831, 53.11], [32.095, 53.076], [32.414, 53.186], [32.51, 53.295], [32.734, 53.333], [32.763, 53.424], [32.952, 53.606], [33.299, 53.817], [33.251, 53.892], [33.505, 54.017]]]}, "properties": {"name": "Брянская область", "name_latin": "Bryansk Oblast"}}, {"type": "Feature", "geometry": {"type": "Polygon", "coordinates": [[[43.04, 52.371], [43.058, 52.559], [43.194, 52.717], [42.958, 52.931], [42.755, 53.018], [42.11, 53.515], [42.145, 53.802], [42.35, 53.854], [42.499, 53.735], [42.629, 53.809], [42.932, 53.796], [43.127, 53.977], [43.535, 54.014], [43.924, 53.874], [43.927, 53.771], [44.459, 53.664], [44.715, 53.68], [44.608, 53.881], [44.831, 53.963], [45.176, 53.972], [45.357, 53.87], [45.814, 53.976], [46.185, 53.912], [46.438, 53.649], [46.456, 53.513], [46.909, 53.363], [46.94, 52.722], [46.802, 52.621], [46.572, 52.702], [46.326, 52.681], [46.004, 52.511], [45.961, 52.397], [45.621, 52.478], [45.353, 52.396], [45.148, 52.419], [44.893, 52.357], [44.853, 52.448], [44.401, 52.429], [44.315, 52.306], [44.029, 52.33], [43.892, 52.405], [43.336, 52.374], [43.142, 52.439], [43.04, 52.371]]]}, "properties": {"name": "Пензенская область", "name_latin": "Penza Oblast"}}, {"type": "Feature", "geometry": {"type": "Polygon", "coordinates": [[[38.289, 51.296], [38.434, 51.286], [38.388, 51.077], [38.588, 51.012], [38.803, 51.077], [38.877, 50.931], [38.721, 50.877], [38.769, 50.72], [38.958, 50.698], [39.084, 50.606], [39.015, 50.455], [39.047, 50.277], [39.218, 50.048], [39.18, 49.889], [39.068, 49.815], [38.583, 49.977], [38.35, 50.007], [38.056, 49.923], [37.755, 50.078], [37.626, 50.293], [37.465, 50.431], [36.693, 50.269], [36.364, 50.288], [36.161, 50.432], [35.832, 50.434], [35.627, 50.352], [35.391, 50.642], [35.351, 50.975], [35.863, 50.958], [36.065, 51.159], [36.486, 51.063], [36.99, 51.191], [37.16, 51.32], [37.384, 51.385], [37.703, 51.358], [37.847, 51.43], [38.289, 51.296]]]}, "properties": {"name": "Белгородская область", "name_latin": "Belgorod Oblast"}}, {"type": "Feature", "geometry": {"type": "Polygon", "coordinates": [[[40.534, 51.946], [40.127, 51.986], [39.841, 51.921], [39.484, 51.978], [39.3, 52.103], [39.015, 51.985], [38.877, 52.097], [38.556, 52.056], [38.293, 51.966], [37.868, 51.901], [37.738, 52.017], [37.839, 52.209], [38.057, 52.297], [37.775, 52.59], [37.891, 52.74], [37.866, 53.012], [38.122, 53.054], [38.231, 52.995], [38.468, 53.028], [38.671, 53.13], [38.529, 53.302], [38.764, 53.358], [38.722, 53.528], [38.938, 53.575], [39.055, 53.578], [39.174, 53.408], [39.56, 53.443], [39.754, 53.585], [39.932, 53.514], [40.17, 53.312], [40.096, 53.275], [40.155, 53.046], [40.083, 52.755], [39.916, 52.709], [39.977, 52.597], [40.227, 52.501], [40.293, 52.392], [40.513, 52.355], [40.637, 52.175], [40.534, 51.946]]]}, "properties": {"name": "Липецкая область", "name_latin": "Lipetsk Oblast"}}, {"type": "Feature", "geometry": {"type": "Polygon", "coordinates": [[[30.979, 56.97], [30.676, 57.004], [30.746, 57.263], [30.541, 57.304], [30.423, 57.424], [30.681, 57.644], [30.452, 57.688], [30.545, 57.864], [30.072, 57.958], [29.987, 58.03], [29.629, 58.101], [29.892, 58.31], [29.894, 58.446], [30.171, 58.53], [30.122, 58.745], [30.664, 58.737], [30.683, 58.859], [30.922, 58.922], [31.081, 59.091], [31.222, 59.005], [31.477, 59.102], [31.552, 59.369], [32.096, 59.382], [32.447, 59.108], [32.647, 59.117], [32.847, 59.349], [33.057, 59.419], [33.63, 59.382], [34.032, 59.148], [34.284, 59.178], [34.722, 59.085], [35.296, 58.78], [35.409, 58.849], [35.783, 58.754], [36.104, 58.725], [36.182, 58.512], [35.94, 58.423], [35.551, 58.457], [35.331, 58.412], [35.257, 58.274], [35.051, 58.195], [34.749, 58.224], [34.721, 58.09], [34.171, 58.213], [33.617, 58.122], [33.531, 58.052], [33.684, 57.906], [33.593, 57.728], [33.307, 57.649], [33.078, 57.466], [32.707, 57.434], [32.583, 57.321], [32.002, 57.114], [31.725, 57.092], [31.396, 56.909], [30.979, 56.97]]]}, "properties": {"name": "Новгородская область", "name_latin": "Novgorod Oblast"}}, {"type": "Feature", "geometry": {"type": "MultiPolygon", "coordinates": [[[[44.25, 66.436], [44.59, 66.298], [45.703, 66.083], [46.347, 66.038], [47.145, 65.821], [47.749, 65.906], [48.085, 66.129], [49, 66.113], [49.056, 65.225], [49.637, 65.289], [50.246, 64.829], [50.499, 64.792], [50.361, 64.51], [49.552, 64.576], [49.483, 64.425], [48.961, 64.478], [48.884, 64.327], [48.524, 64.356], [48.465, 64.204], [48.197, 64.227], [48.161, 64.345], [47.345, 64.354], [46.63, 64.317], [46.321, 64.248], [45.852, 64.278], [45.399, 64.175], [45.595, 64.057], [45.943, 63.957], [46.5, 63.865], [46.81, 63.757], [47.017, 63.578], [46.943, 63.349], [47.051, 63.254], [47.57, 63.145], [47.409, 62.965], [47.061, 62.826], [47.245, 62.639], [47.232, 62.337], [47.389, 62.181], [47.643, 62.176], [47.659, 62.328], [48.323, 62.307], [48.256, 62.506], [48.352, 62.734], [48.681, 62.702], [48.741, 62.852], [49.641, 62.769], [49.374, 62.133], [49.227, 62.102], [49.044, 61.649], [49.502, 61.605], [49.322, 61.152], [49.127, 61.172], [48.475, 61.022], [48.42, 60.837], [47.967, 60.879], [47.897, 61.017], [47.193, 61.067], [47.072, 60.844], [46.824, 60.963], [46.3, 60.969], [45.759, 61.011], [45.809, 61.162], [45.338, 61.195], [45.251, 60.894], [44.16, 60.965], [44.181, 61.061], [43.783, 61.037], [43.735, 60.881], [43.524, 60.766], [42.92, 60.814], [42.658, 60.888], [42.57, 60.773], [41.509, 60.895], [41.342, 60.688], [41.141, 60.636], [40.575, 60.72], [39.886, 60.654], [39.759, 60.741], [39.143, 60.68], [38.896, 60.772], [38.587, 60.798], [38.218, 60.931], [38.124, 61.161], [37.873, 61.29], [37.817, 61.53], [37.76, 61.615], [37.944, 61.973], [37.837, 61.983], [37.702, 62.213], [37.453, 62.215], [37.635, 62.477], [37.548, 62.622], [37.369, 62.678], [37.071, 62.649], [36.528, 62.793], [36.258, 63.012], [36.307, 63.151], [36.192, 63.426], [35.935, 63.605], [36.455, 63.626], [36.59, 63.748], [36.553, 63.952], [36.685, 63.906], [37.205, 63.877], [37.438, 63.784], [37.64, 63.885], [37.858, 63.889], [38.075, 64.004], [37.891, 64.212], [37.997, 64.298], [37.652, 64.423], [37.343, 64.342], [36.918, 64.527], [36.437, 64.903], [36.808, 64.955], [37, 65.169], [37.657, 65.036], [37.887, 64.892], [38.275, 64.8], [38.898, 64.736], [39.532, 64.549], [39.834, 64.66], [40.221, 64.724], [40.412, 64.858], [39.722, 65.339], [39.713, 65.491], [39.878, 65.628], [40.486, 65.813], [40.744, 65.985], [41.33, 66.06], [41.522, 66.121], [42.312, 66.508], [42.608, 66.393], [43.257, 66.412], [43.6, 66.294], [43.718, 66.186], [44.074, 66.192], [44.25, 66.436]]], [[[36.015, 65.024], [35.725, 64.971], [35.521, 65.081], [35.762, 65.173], [36.015, 65.024]]], [[[52.574, 71.39], [52.898, 71.367], [53.191, 71.22], [52.974, 71.032], [52.321, 71.342], [52.574, 71.39]]], [[[45, 80.614], [46.156, 80.666], [47.439, 80.852], [48.597, 80.775], [48.139, 80.648], [47.483, 80.738], [46.874, 80.555], [45.417, 80.548], [45, 80.614]]], [[[57.087, 80.156], [57.022, 80.057], [56.099, 80.062], [55.94, 80.297], [57.171, 80.316], [57.087, 80.156]]], [[[53.545, 80.156], [52.692, 80.154], [53.035, 80.388], [53.948, 80.23], [53.545, 80.156]]], [[[57.989, 80.156], [57.35, 80.153], [57.294, 80.346], [57.01, 80.45], [58.079, 80.476], [58.915, 80.419], [57.989, 80.156]]], [[[59.063, 81.728], [57.976, 81.714], [57.912, 81.811], [59.284, 81.847], [59.063, 81.728]]], [[[57.674, 81.563], [58.553, 81.406], [57.84, 81.378], [56.906, 81.445], [57.674, 81.563]]], [[[63.165, 80.943], [63.968, 80.955], [64.19, 81.136], [65.235, 81.124], [65.385, 80.913], [64.416, 80.705], [63.164, 80.638], [62.521, 80.78], [63.165, 80.943]]], [[[60.469, 80.432], [59.665, 80.387], [59.338, 80.485], [59.6, 80.779], [60.414, 80.774], [61.576, 80.862], [62.218, 80.766], [62.011, 80.578], [61.088, 80.362], [60.469, 80.432]]], [[[57.656, 80.804], [57.18, 80.668], [56.669, 80.781], [56.057, 80.804], [54.462, 81.028], [54.967, 81.074], [56.025, 81.024], [56.893, 80.876], [57.656, 80.804]]], [[[47.813, 80.06], [48, 80.233], [47.006, 80.221], [46.755, 80.315], [47.612, 80.483], [48.373, 80.549], [49.154, 80.513], [49.67, 80.661], [49.176, 80.772], [49.805, 80.907], [50.583, 80.896], [51.802, 80.713], [50.987, 80.546], [49.666, 80.478], [49.134, 80.371], [48.85, 80.212], [47.813, 80.06]]], [[[60.469, 80.904], [60.001, 80.974], [61.145, 81.113], [61.581, 81.018], [61.206, 80.921], [60.469, 80.904]]], [[[56.151, 81.199], [57.012, 81.388], [57.528, 81.307], [56.653, 81.166], [56.151, 81.199]]], [[[59.157, 74.5], [59.152, 74.495], [59.101, 74.415], [58.671, 74.402], [58.687, 74.254], [58.191, 74.125], [57.863, 73.908], [57.885, 73.768], [57.584, 73.595], [56.715, 73.253], [56.122, 72.778], [55.696, 72.597], [55.374, 72.292], [55.575, 72.173], [55.385, 71.986], [55.584, 71.701], [56.213, 71.185], [57.046, 70.852], [57.419, 70.8], [57.479, 70.622], [57.038, 70.47], [56.749, 70.589], [56.533, 70.521], [55.61, 70.635], [55.169, 70.545], [54.336, 70.74], [54.107, 70.72], [53.486, 70.801], [53.782, 70.932], [53.876, 71.079], [53.136, 71.421], [52.652, 71.473], [51.888, 71.464], [51.62, 71.536], [51.443, 71.781], [51.565, 72.061], [52.367, 72.157], [52.718, 72.297], [52.54, 72.357], [52.801, 72.644], [52.405, 72.718], [52.614, 72.851], [52.955, 72.905], [53.424, 73.23], [53.941, 73.293], [54.351, 73.423], [54.388, 73.557], [54, 73.622], [53.944, 73.765], [54.97, 74.137], [55.616, 74.171], [55.377, 74.41], [56.164, 74.447], [55.602, 74.612], [56.415, 74.687], [56.143, 75.127], [56.553, 75.094], [56.965, 75.225], [57.033, 75.379], [57.717, 75.348], [57.613, 75.504], [58.092, 75.662], [58.691, 75.726], [59.127, 75.9], [59.729, 75.895], [60.325, 75.965], [60.059, 76.098], [60.716, 76.101], [61.174, 76.277], [62.788, 76.226], [63.038, 76.191], [63.72, 76.33], [64.07, 76.274], [64.971, 76.476], [65.565, 76.557], [65.953, 76.714], [67.111, 76.943], [68.122, 76.99], [68.729, 76.879], [69.064, 76.701], [68.362, 76.315], [67.269, 76.102], [65.965, 75.973], [65.805, 75.914], [64.618, 75.74], [64.185, 75.718], [62.352, 75.441], [62.057, 75.431], [61.466, 75.207], [60.825, 75.145], [60.588, 75.035], [60.562, 74.853], [59.909, 74.708], [59.714, 74.564], [59.157, 74.5]]]]}, "properties": {"name": "Архангельская область", "name_latin": "Arkhangelsk Oblast"}}, {"type": "Feature", "geometry": {"type": "Polygon", "coordinates": [[[41.796, 55.104], [42.017, 55.377], [42.167, 55.444], [42.065, 55.587], [42.137, 55.682], [42.393, 55.789], [42.872, 56.138], [42.726, 56.366], [42.614, 56.407], [42.897, 56.47], [42.871, 56.809], [43.251, 56.895], [43.099, 57.096], [43.102, 57.199], [43.305, 57.429], [43.468, 57.591], [43.853, 57.417], [44.365, 57.528], [44.597, 57.701], [44.739, 57.697], [44.881, 57.882], [44.869, 58.077], [45.224, 58.089], [45.294, 58.032], [45.748, 58.029], [46.345, 58.062], [46.585, 58.028], [47.297, 58.016], [47.733, 57.934], [47.481, 57.515], [47.237, 57.555], [46.902, 57.516], [46.718, 57.286], [46.722, 56.963], [45.942, 56.859], [45.886, 56.626], [45.67, 56.614], [45.662, 56.461], [45.964, 56.429], [45.898, 56.22], [46.185, 56.032], [46.08, 55.949], [46.1, 55.799], [45.953, 55.758], [45.96, 55.631], [46.108, 55.531], [46.309, 55.5], [46.229, 55.287], [46.028, 55.149], [46.061, 55.048], [45.752, 55.068], [45.64, 55.178], [45.423, 55.038], [45.427, 54.886], [45.231, 54.877], [45.018, 54.705], [45.14, 54.489], [44.908, 54.464], [44.627, 54.556], [44.068, 54.649], [43.861, 54.805], [43.591, 54.903], [43.243, 54.92], [43.116, 54.794], [42.886, 54.767], [42.444, 54.798], [42.434, 54.794], [42.443, 54.825], [42.405, 55.005], [42.226, 54.959], [41.999, 54.996], [41.796, 55.104]]]}, "properties": {"name": "Нижегородская область", "name_latin": "Nizhny Novgorod Oblast"}}, {"type": "Feature", "geometry": {"type": "Polygon", "coordinates": [[[62.061, 56.131], [62.071, 56.297], [62.428, 56.527], [62.603, 56.491], [62.986, 56.598], [63.315, 56.568], [63.474, 56.612], [63.829, 56.481], [64.179, 56.461], [64.35, 56.683], [64.546, 56.789], [64.927, 56.772], [64.989, 56.518], [65.122, 56.308], [65.683, 56.27], [65.842, 56.069], [66.021, 55.994], [66.161, 56.069], [66.452, 55.96], [66.764, 55.976], [67.278, 55.939], [67.404, 55.728], [67.794, 55.729], [67.921, 55.655], [68.139, 55.729], [68.189, 55.589], [68.714, 55.348], [68.649, 55.209], [68.281, 55.204], [68.235, 54.969], [67.819, 54.971], [67.774, 54.886], [66.409, 54.705], [65.998, 54.626], [65.85, 54.698], [65.214, 54.541], [65.238, 54.377], [64.973, 54.423], [64.74, 54.354], [64.501, 54.366], [63.354, 54.19], [63.172, 54.308], [63.285, 54.581], [63.2, 54.699], [62.978, 54.705], [62.672, 54.624], [62.441, 54.716], [62.078, 54.676], [62.112, 54.798], [61.996, 54.981], [62.237, 55.109], [62.161, 55.231], [62.32, 55.414], [62.62, 55.491], [62.523, 55.59], [62.526, 55.77], [62.304, 55.838], [62.318, 55.948], [62.061, 56.131]]]}, "properties": {"name": "Курганская область", "name_latin": "Kurgan Oblast"}}, {"type": "Feature", "geometry": {"type": "Polygon", "coordinates": [[[38.293, 51.966], [38.429, 51.945], [38.387, 51.684], [38.14, 51.629], [38.297, 51.521], [38.289, 51.296], [37.847, 51.43], [37.703, 51.358], [37.384, 51.385], [37.16, 51.32], [36.99, 51.191], [36.486, 51.063], [36.065, 51.159], [35.863, 50.958], [35.351, 50.975], [35.148, 51.082], [35.15, 51.223], [34.817, 51.169], [34.662, 51.247], [34.238, 51.292], [34.295, 51.533], [34.161, 51.686], [34.436, 51.733], [34.386, 51.843], [34.364, 51.942], [34.545, 52.071], [34.743, 52.088], [34.869, 52.202], [34.924, 52.37], [35.083, 52.334], [35.606, 52.437], [35.815, 52.301], [36.416, 52.346], [36.496, 52.232], [36.792, 52.128], [37.33, 52.008], [37.738, 52.017], [37.868, 51.901], [38.293, 51.966]]]}, "properties": {"name": "Курская область", "name_latin": "Kursk Oblast"}}, {"type": "Feature", "geometry": {"type": "Polygon", "coordinates": [[[107.759, 49.972], [107.734, 50.153], [108.531, 50.472], [108.48, 50.583], [108.182, 50.649], [108.069, 50.739], [108.216, 50.829], [108.33, 51], [108.561, 51.121], [108.479, 51.388], [109.026, 51.478], [109.225, 51.366], [109.597, 51.453], [110.048, 51.623], [110.293, 51.602], [110.427, 51.521], [110.688, 51.509], [110.873, 51.615], [111.015, 51.791], [111.462, 51.871], [111.733, 51.997], [112.07, 52.283], [112.511, 52.249], [112.547, 52.346], [112.906, 52.333], [113.152, 52.453], [113.488, 52.469], [113.913, 52.64], [114.077, 52.662], [114.227, 52.813], [114.326, 53.041], [113.973, 53.236], [113.827, 53.418], [113.824, 53.631], [114.003, 53.727], [114.364, 53.814], [114.985, 54], [115.162, 54.189], [115.5, 54.315], [115.596, 54.41], [116.189, 54.512], [116.483, 54.484], [116.721, 54.529], [116.875, 54.876], [116.756, 55.118], [116.473, 55.229], [116.378, 55.379], [116.107, 55.344], [115.902, 55.41], [115.765, 56.177], [115.676, 56.281], [115.678, 56.572], [115.421, 56.596], [115.614, 56.771], [115.73, 56.962], [116.116, 56.819], [116.316, 56.87], [116.743, 56.739], [117.162, 56.841], [117.403, 56.845], [117.629, 56.973], [117.779, 57.318], [117.45, 57.26], [117.14, 57.665], [117.12, 57.861], [117.409, 57.912], [117.404, 58.124], [117.594, 58.185], [117.472, 58.326], [117.672, 58.406], [118.254, 58.398], [118.475, 58.23], [119.117, 58.238], [119.164, 58.031], [119.046, 57.765], [119.18, 57.589], [119.393, 57.485], [119.662, 57.19], [119.573, 57.076], [119.856, 56.896], [119.777, 56.733], [119.833, 56.566], [120.089, 56.501], [120.466, 56.295], [120.174, 56.206], [120.033, 56.109], [120.34, 55.883], [120.633, 55.931], [120.856, 56.022], [121.194, 56.041], [121.337, 55.822], [121.336, 55.53], [121.607, 55.526], [121.899, 55.62], [122, 55.434], [121.914, 55.12], [121.96, 55.001], [121.667, 54.834], [121.88, 54.803], [121.93, 54.569], [122.146, 54.459], [121.912, 54.377], [121.665, 54.377], [121.779, 54.175], [121.627, 54.096], [121.947, 53.826], [121.975, 53.555], [122.112, 53.431], [121.695, 53.392], [121.12, 53.274], [120.884, 53.292], [120.357, 52.94], [120.028, 52.759], [120.027, 52.635], [120.185, 52.577], [120.441, 52.641], [120.717, 52.526], [120.622, 52.325], [120.78, 52.158], [120.655, 51.927], [120.477, 51.885], [120.035, 51.609], [119.934, 51.354], [119.753, 51.212], [119.756, 51.09], [119.583, 50.976], [119.497, 50.762], [119.292, 50.582], [119.153, 50.358], [119.351, 50.358], [119.319, 50.117], [119.105, 49.997], [118.638, 49.916], [118.456, 49.781], [118.118, 49.67], [117.793, 49.52], [117.471, 49.627], [117.061, 49.686], [116.727, 49.833], [116.622, 49.931], [116.236, 50.036], [116.073, 50.014], [115.746, 49.886], [115.507, 49.907], [115.224, 49.988], [115.008, 50.164], [114.831, 50.224], [114.178, 50.243], [113.652, 50], [113.224, 49.844], [113.044, 49.608], [112.807, 49.515], [112.487, 49.524], [111.909, 49.376], [111.668, 49.38], [110.684, 49.171], [110.38, 49.247], [110.2, 49.154], [109.684, 49.226], [109.171, 49.353], [108.518, 49.323], [108.304, 49.532], [107.968, 49.655], [107.893, 49.932], [107.759, 49.972]]]}, "properties": {"name": "Забайкальский край", "name_latin": "Zabaykalsky Krai"}}, {"type": "Feature", "geometry": {"type": "Polygon", "coordinates": [[[84.073, 50.635], [84.474, 50.687], [84.572, 50.815], [84.491, 50.948], [84.222, 50.987], [84.121, 51.071], [84.256, 51.283], [84.387, 51.266], [84.716, 51.427], [84.996, 51.514], [85.244, 51.499], [85.444, 51.563], [85.503, 51.701], [85.703, 51.732], [85.854, 51.891], [85.919, 52.106], [86.396, 52.033], [86.492, 52.129], [86.726, 52.139], [86.781, 52.295], [86.643, 52.377], [86.646, 52.496], [86.938, 52.656], [87.133, 52.618], [87.298, 52.592], [87.653, 52.422], [87.892, 52.538], [88.442, 52.336], [88.376, 52.177], [88.126, 52.068], [87.891, 51.813], [88.11, 51.74], [87.934, 51.526], [88.445, 51.285], [88.703, 51.393], [88.792, 51.554], [89.009, 51.394], [88.967, 51.203], [89.056, 51.046], [89.467, 50.78], [89.644, 50.581], [89.849, 50.527], [89.707, 50.384], [89.497, 50.364], [89.344, 50.264], [89.512, 50.119], [89.592, 49.911], [89.719, 49.728], [89.458, 49.661], [89.201, 49.523], [88.733, 49.452], [88.591, 49.501], [88.176, 49.454], [88.169, 49.297], [87.985, 49.182], [87.283, 49.112], [87.318, 49.23], [87.04, 49.248], [86.839, 49.456], [86.822, 49.545], [86.601, 49.614], [86.317, 49.601], [85.974, 49.489], [85.883, 49.566], [85.593, 49.62], [85.32, 49.595], [84.989, 49.91], [85.03, 50.056], [84.621, 50.213], [84.251, 50.292], [84.169, 50.55], [84.073, 50.635]]]}, "properties": {"name": "Алтай", "name_latin": "Altai Republic"}}, {"type": "Feature", "geometry": {"type": "Polygon", "coordinates": [[[42.145, 53.802], [41.549, 53.812], [41.37, 53.744], [41.354, 53.526], [41.042, 53.476], [40.701, 53.556], [40.369, 53.341], [40.17, 53.312], [39.932, 53.514], [39.754, 53.585], [39.56, 53.443], [39.174, 53.408], [39.055, 53.578], [38.938, 53.575], [38.875, 53.947], [38.683, 54.089], [38.666, 54.257], [38.827, 54.606], [39.226, 54.636], [39.518, 54.984], [39.804, 55.005], [39.838, 55.205], [40.155, 55.264], [40.191, 55.365], [40.613, 55.218], [40.993, 55.257], [41.295, 55.233], [41.443, 55.145], [41.796, 55.104], [41.999, 54.996], [42.226, 54.959], [42.405, 55.005], [42.443, 54.825], [42.389, 54.79], [42.44, 54.71], [42.649, 54.588], [42.478, 54.299], [42.584, 54.178], [42.417, 54.103], [42.35, 53.854], [42.145, 53.802]]]}, "properties": {"name": "Рязанская область", "name_latin": "Ryazan Oblast"}}, {"type": "Feature", "geometry": {"type": "MultiPolygon", "coordinates": [[[[65.473, 68.418], [65.658, 68.581], [65.085, 68.811], [64.625, 68.933], [64.735, 69.12], [64.761, 69.127], [64.829, 69.156], [64.897, 69.178], [65.084, 69.26], [66.067, 69.029], [66.338, 68.939], [67.032, 68.836], [67.069, 68.76], [67.689, 68.537], [67.788, 68.454], [68.592, 68.357], [68.964, 68.649], [69.144, 68.908], [68.609, 68.928], [68.119, 69.219], [68.143, 69.461], [67.683, 69.583], [66.808, 69.704], [66.848, 69.896], [67.338, 69.994], [67.371, 70.107], [67.128, 70.217], [67.334, 70.442], [67.232, 70.522], [67.391, 70.757], [66.909, 70.777], [66.579, 70.965], [66.933, 71.27], [67.417, 71.36], [68.096, 71.548], [68.531, 71.847], [69.017, 72.688], [69.399, 72.944], [69.673, 72.853], [70.277, 72.881], [71.625, 72.889], [72.916, 72.682], [72.693, 72.591], [72.834, 72.254], [72.319, 71.703], [71.826, 71.507], [72.047, 71.285], [72.538, 71.146], [72.582, 70.985], [72.787, 70.877], [72.679, 70.58], [72.739, 70.397], [72.409, 70.24], [72.588, 70.132], [72.498, 69.981], [72.669, 69.758], [72.501, 69.636], [72.636, 69.501], [72.485, 69.075], [72.757, 68.817], [73.426, 68.597], [73.586, 68.508], [73.077, 68.206], [73.043, 68.051], [73.191, 67.932], [73.106, 67.724], [72.563, 67.604], [72.21, 67.328], [72.208, 67.14], [71.852, 66.971], [71.522, 66.906], [71.591, 66.641], [70.72, 66.49], [70.268, 66.578], [69.86, 66.472], [69.615, 66.571], [69.499, 66.731], [69.165, 66.763], [69.128, 66.615], [69.449, 66.486], [70.394, 66.328], [71.18, 66.352], [71.701, 66.302], [72.069, 66.219], [72.408, 66.377], [72.306, 66.486], [72.472, 66.589], [72.827, 66.624], [73.031, 66.728], [73.482, 66.82], [73.876, 67], [73.922, 67.29], [74.137, 67.443], [74.664, 67.641], [74.787, 67.753], [74.792, 68.029], [74.58, 68.245], [74.315, 68.36], [74.454, 68.482], [74.549, 68.733], [75.337, 68.881], [76.206, 68.976], [76.563, 68.973], [76.665, 68.74], [77.212, 68.557], [77.337, 68.226], [77.206, 68.105], [77.302, 67.889], [77.075, 67.772], [77.773, 67.556], [78.308, 67.53], [78.841, 67.624], [78.389, 67.729], [78.147, 67.667], [77.466, 67.756], [77.525, 68.117], [77.671, 68.191], [78.117, 68.234], [77.773, 68.525], [77.619, 68.899], [76.94, 69.003], [76.064, 69.236], [75.554, 69.253], [74.737, 69.075], [74.445, 69.131], [73.873, 69.077], [73.772, 69.182], [73.908, 69.362], [73.852, 69.49], [73.535, 69.742], [73.738, 69.935], [73.678, 70.113], [74.256, 70.453], [74.289, 70.624], [73.92, 70.84], [73.892, 70.968], [73.376, 71.296], [73.043, 71.375], [73.404, 71.583], [73.582, 71.823], [74.582, 72.01], [74.906, 72.114], [75.073, 72.26], [74.923, 72.699], [75.001, 72.87], [75.437, 72.751], [75.349, 72.682], [75.706, 72.276], [75.56, 72.22], [75.219, 71.772], [75.501, 71.536], [75.217, 71.415], [75.299, 71.332], [75.848, 71.223], [77.794, 71.127], [77.936, 70.969], [78.35, 70.923], [78.312, 71.229], [77.744, 71.31], [77.261, 71.33], [77.07, 71.415], [76.304, 71.563], [76.079, 71.876], [76.356, 71.998], [76.892, 72.053], [77.491, 71.84], [78.09, 71.865], [78.24, 71.967], [78.08, 72.078], [77.397, 72.097], [77.88, 72.303], [78.499, 72.367], [78.77, 72.163], [79.394, 72.029], [79.738, 72.041], [80.379, 71.879], [80.074, 71.823], [80.139, 71.664], [79.841, 71.582], [79.394, 71.612], [79.143, 71.382], [79.997, 71.116], [80.584, 71.043], [80.641, 70.707], [80.822, 70.631], [80.702, 70.46], [80.414, 70.461], [79.755, 70.276], [79.507, 70.112], [79.2, 70.033], [78.913, 69.868], [79.133, 69.685], [79.459, 69.634], [79.662, 69.429], [79.918, 69.352], [80.237, 69.366], [80.762, 69.306], [81.032, 69.213], [81.961, 69.353], [81.844, 69.195], [82.396, 69.174], [82.595, 68.807], [82.873, 68.674], [82.649, 68.609], [82.714, 68.405], [82.552, 68.167], [82.348, 68.124], [82.336, 67.933], [81.974, 67.96], [81.724, 67.893], [82.056, 67.64], [82.397, 67.522], [82.304, 67.333], [82.133, 67.219], [83.145, 66.83], [83.328, 66.659], [83.083, 66.576], [83.238, 66.383], [83.539, 66.187], [83.269, 66.049], [83.551, 65.903], [83.563, 65.762], [83.967, 65.792], [84.509, 65.477], [84.542, 65.244], [84.288, 65.104], [84.371, 64.902], [84.921, 64.954], [85.167, 64.777], [85.528, 64.852], [85.834, 64.784], [86.007, 64.272], [85.967, 64.049], [85.482, 63.914], [85.329, 63.796], [85.318, 63.508], [85.598, 63.3], [85.503, 63.135], [85.62, 63.034], [85.214, 62.799], [84.936, 62.482], [84.698, 62.391], [84.441, 62.196], [84.239, 62.381], [83.999, 62.415], [83.814, 62.57], [83.324, 62.458], [83.023, 62.526], [82.759, 62.66], [82.762, 62.749], [82.289, 62.766], [82.159, 62.813], [81.841, 62.696], [81.391, 62.817], [80.922, 63.157], [80.093, 62.818], [79.908, 62.785], [79.843, 62.609], [78.739, 62.602], [78.406, 62.56], [78.093, 62.464], [77.87, 62.576], [77.378, 62.708], [77.137, 62.811], [77.025, 62.972], [76.667, 63.035], [76.34, 62.951], [75.893, 63.106], [75.313, 63.097], [74.942, 63.025], [74.524, 63.036], [74.253, 63.173], [73.498, 63.188], [73.054, 63.427], [72.663, 63.282], [72.128, 63.297], [71.645, 63.193], [71.456, 63.683], [70.923, 63.703], [70.559, 64.015], [70.766, 64.112], [70.664, 64.239], [70.294, 64.344], [69.889, 64.322], [69.725, 64.396], [69.397, 64.387], [69.28, 64.476], [68.858, 64.439], [68.915, 64.226], [68.449, 64.288], [67.836, 64.048], [67.469, 64.077], [66.867, 64.203], [66.829, 64.292], [66.99, 64.452], [66.709, 64.554], [66.455, 64.527], [66.198, 64.591], [65.933, 64.555], [65.376, 64.555], [65.179, 64.468], [64.604, 64.443], [64.482, 64.371], [64.043, 64.359], [63.611, 64.271], [63.478, 64.456], [63.247, 64.52], [62.913, 64.468], [62.558, 64.559], [62.812, 64.736], [62.695, 64.873], [62.824, 65.055], [62.872, 65.291], [62.454, 65.339], [62.265, 65.632], [62, 65.718], [62.8, 65.858], [62.869, 66.064], [63.448, 66.468], [63.802, 66.532], [63.993, 66.639], [64.262, 66.645], [64.553, 66.797], [65.139, 66.908], [65.082, 67.039], [65.699, 67.381], [66.01, 67.409], [65.823, 67.539], [65.846, 67.668], [66.221, 67.685], [65.921, 67.961], [65.432, 67.91], [65.275, 68.235], [65.473, 68.418]]], [[[70.104, 73.005], [69.938, 73.053], [70.012, 73.379], [70.835, 73.478], [71.155, 73.437], [71.679, 73.156], [70.913, 73.105], [70.104, 73.005]]], [[[77.069, 72.28], [76.966, 72.366], [77.614, 72.601], [78.325, 72.507], [77.803, 72.287], [77.069, 72.28]]], [[[74.7, 72.86], [74.109, 72.996], [74.228, 73.084], [74.68, 73.089], [74.7, 72.86]]]]}, "properties": {"name": "Ямало-Ненецкий автономный округ", "name_latin": "Yamalo-Nenets Autonomous Okrug"}}, {"type": "Feature", "geometry": {"type": "MultiPolygon", "coordinates": [[[[88.598, 56.802], [88.734, 57.208], [88.865, 57.444], [89.064, 57.458], [89.13, 57.615], [89.355, 57.616], [89.353, 57.913], [88.859, 57.955], [88.687, 58.036], [88.107, 58.113], [88.017, 58.214], [87.924, 58.511], [88.383, 58.893], [88.829, 59.023], [88.576, 59.212], [88.626, 59.295], [87.902, 59.256], [87.514, 59.664], [87.174, 59.683], [87.078, 59.879], [86.636, 59.949], [85.998, 59.947], [85.5, 59.883], [84.708, 59.892], [84.581, 59.962], [84.616, 60.169], [84.791, 60.352], [84.263, 60.863], [85.697, 61.284], [85.641, 61.367], [85.961, 61.545], [85.493, 61.617], [85.097, 61.752], [84.678, 61.808], [84.519, 61.928], [84.441, 62.196], [84.698, 62.391], [84.936, 62.482], [85.214, 62.799], [85.62, 63.034], [85.503, 63.135], [85.598, 63.3], [85.318, 63.508], [85.329, 63.796], [85.482, 63.914], [85.967, 64.049], [86.007, 64.272], [85.834, 64.784], [85.528, 64.852], [85.167, 64.777], [84.921, 64.954], [84.371, 64.902], [84.288, 65.104], [84.542, 65.244], [84.509, 65.477], [83.967, 65.792], [83.563, 65.762], [83.551, 65.903], [83.269, 66.049], [83.539, 66.187], [83.238, 66.383], [83.083, 66.576], [83.328, 66.659], [83.145, 66.83], [82.133, 67.219], [82.304, 67.333], [82.397, 67.522], [82.056, 67.64], [81.724, 67.893], [81.974, 67.96], [82.336, 67.933], [82.348, 68.124], [82.552, 68.167], [82.714, 68.405], [82.649, 68.609], [82.873, 68.674], [82.595, 68.807], [82.396, 69.174], [81.844, 69.195], [81.961, 69.353], [81.032, 69.213], [80.762, 69.306], [80.237, 69.366], [79.918, 69.352], [79.662, 69.429], [79.459, 69.634], [79.133, 69.685], [78.913, 69.868], [79.2, 70.033], [79.507, 70.112], [79.755, 70.276], [80.414, 70.461], [80.702, 70.46], [80.822, 70.631], [80.641, 70.707], [80.584, 71.043], [79.997, 71.116], [79.143, 71.382], [79.394, 71.612], [79.841, 71.582], [80.139, 71.664], [80.074, 71.823], [80.379, 71.879], [79.738, 72.041], [79.394, 72.029], [78.77, 72.163], [78.499, 72.367], [79.496, 72.348], [79.915, 72.215], [80.823, 72.075], [80.848, 71.984], [81.719, 71.69], [82.316, 71.707], [82.706, 71.762], [83.279, 71.706], [83.414, 71.819], [82.709, 71.895], [82.291, 72.084], [82.249, 72.256], [81.813, 72.327], [81.199, 72.356], [80.767, 72.508], [80.693, 72.728], [80.884, 72.943], [80.562, 73.069], [80.608, 73.562], [82.274, 73.64], [83.527, 73.643], [84.881, 73.754], [85.174, 73.698], [85.562, 73.797], [86.794, 73.892], [87.125, 73.791], [86.778, 73.712], [87.131, 73.61], [87.44, 73.769], [87.09, 73.973], [86.774, 73.98], [86.778, 74.209], [85.904, 74.335], [86.564, 74.478], [86.181, 74.606], [86.178, 74.611], [85.724, 74.654], [86.164, 74.778], [86.625, 74.709], [87.068, 74.747], [87.094, 74.858], [87.466, 74.992], [87.15, 75.148], [87.907, 75.106], [88.879, 75.408], [90.027, 75.513], [90.192, 75.597], [91.016, 75.604], [93.463, 75.843], [93.054, 76.031], [93.58, 76.037], [94.339, 76.128], [95.286, 76.106], [95.652, 76.245], [96.47, 76.3], [96.419, 76.12], [96.034, 76.108], [95.993, 75.936], [98.203, 76.088], [98.803, 76.254], [98.872, 76.455], [100.439, 76.454], [101.093, 76.542], [101.205, 76.754], [100.931, 76.859], [101.333, 76.993], [101.394, 77.109], [102.085, 77.339], [103.285, 77.629], [104.092, 77.717], [105.347, 77.539], [105.95, 77.512], [105.837, 77.343], [105.363, 77.195], [105.653, 77.1], [106.502, 77.003], [106.868, 77.047], [107.451, 76.901], [106.768, 76.645], [106.623, 76.488], [107.891, 76.528], [108, 76.733], [108.762, 76.7], [109.427, 76.752], [110.055, 76.693], [110.796, 76.716], [112.351, 76.637], [112.604, 76.538], [112.596, 76.193], [113.285, 76.255], [113.536, 75.981], [113.879, 75.927], [113.889, 75.763], [113.552, 75.658], [113.703, 75.505], [113.673, 75.3], [112.755, 74.938], [112.133, 74.869], [111.802, 74.649], [111.448, 74.684], [111.013, 74.539], [110.563, 74.484], [109.902, 74.326], [109.876, 74.187], [109.531, 74.078], [109.173, 74.06], [108.772, 73.934], [108.173, 73.659], [107.391, 73.613], [106.952, 73.458], [106.797, 73.319], [106.283, 73.32], [105.907, 73.107], [107.019, 73.162], [107.801, 73.156], [108.274, 73.293], [109.915, 73.454], [110.474, 73.638], [110.914, 73.699], [111.283, 73.609], [110.531, 73.434], [110.624, 73.255], [110.85, 73.161], [110.646, 72.894], [110.719, 72.678], [111.291, 72.487], [111.01, 72.39], [111.64, 72.299], [111.698, 72.173], [112.001, 72.124], [112.001, 71.402], [112.469, 71.277], [112.6, 71.109], [112.184, 71.013], [111.479, 70.929], [110.124, 70.637], [110.063, 70.398], [109.644, 70.373], [109.576, 70.252], [109.304, 70.21], [109.378, 69.837], [109.201, 69.755], [108.8, 69.831], [108.249, 69.854], [108.019, 69.698], [107.606, 69.66], [106.857, 69.523], [106.631, 69.528], [106.143, 69.409], [106.906, 68.859], [106.921, 68.254], [106.822, 67.334], [106.076, 67.169], [105.699, 66.925], [106.258, 66.677], [106.331, 66.475], [106.149, 66.409], [106.106, 66.197], [106.339, 66.153], [106.514, 65.995], [106.415, 65.672], [106.968, 65.508], [106.776, 65.387], [106.545, 65.381], [106.419, 65.229], [105.915, 64.903], [105.71, 64.602], [106.256, 64.447], [106.886, 64.44], [107.37, 64.261], [107.699, 64.296], [107.892, 64.196], [108.086, 64.246], [108.247, 64.25], [108.385, 64.046], [108.214, 64.01], [107.307, 63.978], [106.793, 63.881], [106.471, 63.542], [106.727, 63.41], [106.658, 63.326], [106.356, 63.302], [106.397, 63.126], [106.131, 63.038], [106.193, 62.921], [106.513, 62.791], [106.472, 62.698], [106.773, 62.639], [106.483, 62.341], [106.396, 62.043], [105.9, 61.844], [105.973, 61.714], [105.712, 61.662], [105.319, 61.516], [105.283, 61.425], [104.91, 61.395], [105.022, 61.197], [104.626, 61.079], [104.609, 60.724], [104.504, 60.616], [104.657, 60.406], [104.904, 60.3], [105.465, 60.252], [105.505, 60.001], [105.38, 59.841], [105.18, 59.866], [104.762, 59.685], [104.994, 59.461], [105.195, 59.477], [105.215, 59.269], [105.368, 59.118], [104.921, 58.959], [104.755, 58.807], [104.805, 58.675], [104.468, 58.609], [104.07, 58.787], [103.9, 58.921], [103.631, 58.922], [103.393, 59.03], [103.218, 59.238], [103.019, 59.318], [102.832, 59.205], [102.498, 59.186], [102.403, 59.083], [102.558, 58.865], [102.566, 58.74], [102.104, 58.49], [101.806, 58.455], [101.498, 58.23], [101.2, 58.129], [101.023, 57.881], [100.852, 57.855], [100.814, 57.665], [100.97, 57.483], [100.786, 57.408], [100.516, 57.494], [100.375, 57.729], [100.081, 57.945], [100.091, 58.069], [99.682, 58.083], [99.434, 57.789], [98.848, 57.728], [98.591, 57.784], [97.953, 57.829], [97.344, 57.032], [97.529, 56.79], [97.803, 56.775], [97.78, 56.591], [97.88, 56.375], [97.557, 56.376], [97.36, 56.032], [97.132, 56.113], [96.991, 56.004], [96.99, 55.852], [96.844, 55.839], [96.751, 55.663], [96.928, 55.302], [96.679, 55.254], [96.593, 55.03], [96.71, 54.869], [96.566, 54.691], [96.539, 54.53], [96.065, 54.574], [95.904, 54.389], [95.753, 54.422], [95.648, 54.3], [95.803, 54.227], [96.073, 53.985], [96.385, 53.799], [96.483, 53.694], [96.689, 53.646], [96.659, 53.564], [95.807, 53.491], [95.336, 53.376], [95.213, 53.468], [94.618, 53.331], [94.625, 53.184], [94.514, 52.909], [94.158, 52.831], [94.103, 52.686], [93.754, 52.428], [93.642, 52.193], [93.338, 52.128], [92.891, 51.844], [92.53, 51.791], [92.364, 51.818], [92.076, 51.773], [91.804, 51.887], [91.233, 51.894], [90.913, 51.927], [90.714, 52.09], [90.487, 52.196], [90.895, 52.601], [91.228, 52.616], [91.505, 52.994], [91.419, 53.089], [91.738, 53.178], [91.924, 53.35], [91.903, 53.426], [91.625, 53.534], [91.568, 53.709], [91.427, 53.862], [91.564, 54.019], [91.417, 54.28], [91.251, 54.415], [91.26, 54.507], [90.919, 54.654], [90.946, 54.848], [90.779, 54.912], [90.507, 54.904], [90.499, 55.061], [89.996, 55.124], [89.372, 55.043], [89.01, 55.234], [89.011, 55.324], [88.742, 55.432], [88.601, 55.427], [88.914, 55.66], [89.332, 55.775], [89.247, 56.07], [89.04, 56.3], [88.593, 56.431], [88.663, 56.62], [88.598, 56.802]]], [[[78.75, 72.775], [78.619, 72.843], [79.17, 73.083], [79.386, 73.011], [79.574, 72.751], [79.396, 72.702], [78.75, 72.775]]], [[[111.323, 73.852], [110.883, 73.763], [110.296, 73.68], [109.67, 73.674], [109.55, 73.817], [109.971, 73.998], [110.322, 74.016], [111.323, 73.852]]], [[[86.671, 74.746], [86.373, 74.839], [86.518, 74.976], [87.18, 74.946], [86.671, 74.746]]], [[[91.406, 81.182], [91.354, 81.028], [90.219, 81.059], [90.252, 81.173], [91.406, 81.182]]], [[[91.406, 79.689], [91.254, 80.027], [93.021, 80.015], [93.911, 79.909], [93.145, 79.701], [91.931, 79.651], [91.406, 79.689]]], [[[99.844, 79.088], [100.061, 78.935], [99.576, 78.802], [97.678, 78.796], [96.976, 78.975], [95.117, 79.014], [94.692, 79.108], [94.394, 79.476], [93.672, 79.611], [94.786, 80.031], [95.518, 80.092], [96.17, 80.075], [97.695, 80.146], [98.123, 80.03], [99.477, 80.01], [100.167, 79.772], [99.989, 79.715], [99.844, 79.088]]], [[[92.813, 80.165], [92.012, 80.254], [92.001, 80.397], [92.904, 80.475], [92.639, 80.691], [92.896, 80.819], [93.783, 80.996], [94.923, 81.094], [95.895, 81.246], [96.874, 80.89], [97.886, 80.779], [98.034, 80.658], [97.24, 80.612], [97.276, 80.323], [97, 80.205], [95.687, 80.191], [94.512, 80.111], [93.603, 80], [92.813, 80.165]]], [[[99.844, 77.941], [99.388, 78.014], [100.025, 78.298], [100.394, 78.682], [100.908, 78.898], [101.36, 79.22], [102.001, 79.235], [102.303, 79.413], [103.156, 79.29], [102.717, 79.065], [104.03, 79.128], [104.449, 78.982], [104.554, 78.839], [105.286, 78.792], [105.409, 78.49], [104.968, 78.326], [104.448, 78.315], [103.275, 78.198], [101.267, 78.167], [99.844, 77.941]]], [[[95.291, 76.972], [96.417, 77.173], [96.577, 77.124], [95.944, 76.944], [95.291, 76.972]]]]}, "properties": {"name": "Красноярский край", "name_latin": "Krasnoyarsk Krai"}}, {"type": "Feature", "geometry": {"type": "MultiPolygon", "coordinates": [[[[158.543, 66.335], [158.432, 66.203], [157.745, 66.099], [157.214, 65.896], [156.644, 66.148], [156.427, 66.038], [155.948, 66.068], [155.748, 66.161], [155.372, 66.13], [154.394, 66.183], [154.416, 65.95], [154.267, 65.806], [153.957, 65.873], [153.532, 65.81], [153.577, 65.69], [153.442, 65.485], [153.501, 65.346], [152.661, 65.168], [152.519, 64.977], [152.586, 64.811], [152.847, 64.701], [152.359, 64.508], [152.445, 64.389], [152.15, 64.351], [151.975, 64.489], [151.497, 64.426], [151.372, 64.366], [150.64, 64.338], [150.651, 64.168], [150.234, 64.213], [150.017, 64.351], [150.128, 64.468], [149.871, 64.562], [149.339, 64.377], [149.041, 64.431], [148.709, 64.402], [148.328, 64.528], [148.048, 64.408], [148.315, 64.221], [148.018, 63.936], [147.671, 64.011], [147.733, 64.115], [147.402, 64.13], [147.214, 64.042], [147.012, 64.133], [146.369, 64.186], [146.166, 63.927], [145.586, 63.828], [145.676, 63.674], [145.468, 63.526], [145.393, 63.308], [145.25, 63.161], [145.457, 62.707], [145.437, 62.531], [145.138, 62.479], [145.202, 62.299], [144.736, 62.045], [144.516, 61.845], [144.224, 61.728], [143.945, 61.755], [143.999, 61.892], [143.548, 62.05], [143.136, 62.104], [143.006, 61.915], [142.768, 61.966], [142.467, 61.892], [142.145, 62.076], [141.833, 62.018], [141.559, 62.156], [141.493, 62.287], [140.846, 62.53], [140.666, 62.416], [140.312, 62.342], [140.276, 62.038], [139.953, 61.937], [139.927, 61.795], [139.692, 61.662], [139.554, 61.474], [139.091, 61.435], [138.982, 61.327], [138.735, 61.337], [138.66, 61.205], [138.397, 61.099], [138.207, 60.857], [138.398, 60.723], [138.307, 60.313], [138.213, 60.278], [138.262, 60.069], [138.194, 59.914], [138.272, 59.706], [137.974, 59.772], [137.632, 59.751], [137.295, 59.495], [136.673, 59.346], [136.317, 59.424], [136.09, 59.42], [135.826, 59.526], [135.438, 59.397], [135.193, 59.114], [134.716, 59.205], [134.528, 59.187], [134.001, 59.263], [133.748, 59.228], [133.519, 59.312], [133.171, 59.241], [132.837, 59.068], [132.777, 58.887], [132.588, 58.892], [132.547, 58.66], [132.175, 58.49], [132.229, 58.332], [131.986, 58.159], [131.705, 58.201], [131.495, 58.17], [131.581, 58.039], [131.799, 57.932], [132.068, 57.682], [131.849, 57.623], [131.606, 57.428], [131.509, 57.268], [131.255, 57.299], [131.202, 57.203], [131.432, 57.138], [131.832, 56.743], [131.501, 56.565], [131.222, 56.521], [131.104, 56.41], [131.14, 56.291], [130.991, 56.168], [130.86, 55.915], [130.953, 55.712], [130.625, 55.762], [130.001, 55.713], [129.903, 55.778], [129.051, 55.695], [129.101, 55.54], [128.957, 55.494], [128.512, 55.545], [128.285, 55.691], [127.542, 55.665], [126.966, 55.7], [126.926, 55.63], [126.583, 55.654], [126.492, 55.569], [126.235, 55.608], [125.994, 55.767], [125.804, 55.807], [125.531, 55.747], [125.253, 55.908], [124.911, 55.842], [124.394, 56.053], [124.033, 56.256], [123.921, 56.388], [123.194, 56.441], [122.902, 56.557], [122.572, 56.485], [122.461, 56.6], [122.164, 56.746], [121.684, 56.76], [121.406, 56.986], [120.906, 57.061], [120.329, 57.021], [120.035, 56.91], [119.856, 56.896], [119.573, 57.076], [119.662, 57.19], [119.393, 57.485], [119.18, 57.589], [119.046, 57.765], [119.164, 58.031], [119.117, 58.238], [119.131, 58.488], [118.777, 58.611], [118.873, 58.82], [118.749, 58.935], [118.671, 59.187], [118.817, 59.33], [118.761, 59.428], [118.362, 59.526], [118.346, 59.615], [118.034, 59.629], [117.498, 59.493], [117.249, 59.513], [117.224, 59.874], [117.009, 59.917], [116.937, 60.196], [116.609, 60.295], [116.541, 60.39], [116.291, 60.41], [115.697, 60.549], [115.096, 60.413], [114.906, 60.185], [114.651, 60.179], [114.53, 59.984], [114.217, 59.785], [113.761, 59.617], [113.463, 59.432], [113.486, 59.285], [113.278, 59.158], [112.805, 59.127], [112.442, 58.918], [112.448, 59.136], [112.251, 59.528], [112.079, 59.393], [111.65, 59.224], [111.451, 59.292], [111.218, 59.204], [110.721, 59.281], [110.475, 59.046], [110.239, 59], [109.812, 59.004], [109.453, 59.313], [109.292, 59.317], [109.252, 59.467], [109.543, 59.667], [109.508, 59.802], [109.663, 59.876], [109.74, 60.249], [109.907, 60.461], [110.289, 60.702], [110.258, 60.822], [110.542, 61.088], [110.222, 61.168], [110.111, 61.278], [109.762, 61.332], [109.87, 61.549], [109.6, 61.745], [109.642, 61.928], [110.005, 62.186], [109.911, 62.437], [109.668, 62.435], [109.298, 62.522], [109.508, 62.795], [109.412, 63.368], [109.189, 63.53], [108.495, 63.636], [108.299, 63.716], [108.287, 63.837], [108.732, 63.842], [108.762, 64.017], [108.525, 64.149], [108.503, 64.306], [108.086, 64.246], [107.892, 64.196], [107.699, 64.296], [107.37, 64.261], [106.886, 64.44], [106.256, 64.447], [105.71, 64.602], [105.915, 64.903], [106.419, 65.229], [106.545, 65.381], [106.776, 65.387], [106.968, 65.508], [106.415, 65.672], [106.514, 65.995], [106.339, 66.153], [106.106, 66.197], [106.149, 66.409], [106.331, 66.475], [106.258, 66.677], [105.699, 66.925], [106.076, 67.169], [106.822, 67.334], [106.921, 68.254], [106.906, 68.859], [106.143, 69.409], [106.631, 69.528], [106.857, 69.523], [107.606, 69.66], [108.019, 69.698], [108.249, 69.854], [108.8, 69.831], [109.201, 69.755], [109.378, 69.837], [109.304, 70.21], [109.576, 70.252], [109.644, 70.373], [110.063, 70.398], [110.124, 70.637], [111.479, 70.929], [112.184, 71.013], [112.6, 71.109], [112.469, 71.277], [112.001, 71.402], [112.001, 72.124], [111.698, 72.173], [111.64, 72.299], [111.01, 72.39], [111.291, 72.487], [110.719, 72.678], [110.646, 72.894], [110.85, 73.161], [110.624, 73.255], [110.531, 73.434], [111.283, 73.609], [110.914, 73.699], [110.883, 73.763], [111.323, 73.852], [111.675, 73.754], [112.298, 73.701], [112.812, 73.718], [113.162, 73.873], [113.461, 73.63], [113.197, 73.448], [113.581, 73.314], [113.871, 73.346], [113.522, 73.507], [114.318, 73.598], [114.979, 73.607], [115.657, 73.709], [116.623, 73.669], [117.317, 73.579], [118.626, 73.562], [118.402, 73.228], [119.106, 73.087], [119.566, 73.105], [120.197, 73.004], [121.054, 72.924], [121.753, 72.952], [122.64, 72.849], [122.531, 72.987], [123.055, 72.99], [123.241, 72.899], [123.608, 73.189], [123.266, 73.397], [123.413, 73.61], [123.746, 73.613], [124.422, 73.763], [125.156, 73.665], [125.204, 73.528], [126.184, 73.506], [126.955, 73.413], [127.662, 73.526], [128.484, 73.345], [129.409, 73.044], [129.557, 72.938], [129.318, 72.741], [129.432, 72.597], [129.159, 72.549], [129.539, 72.315], [129.391, 72.08], [128.983, 72.038], [128.66, 71.88], [128.952, 71.58], [129.298, 71.559], [129.466, 71.302], [129.758, 71.209], [129.829, 71.087], [130.163, 71.062], [130.357, 70.904], [130.931, 70.84], [131.326, 70.725], [131.743, 70.962], [131.795, 71.121], [132.004, 71.238], [132.186, 71.559], [132.559, 71.872], [132.947, 71.739], [133.167, 71.594], [133.665, 71.441], [134.393, 71.363], [135.649, 71.636], [136.59, 71.606], [137.132, 71.418], [137.617, 71.318], [137.883, 71.361], [138.092, 71.473], [138.106, 71.575], [138.973, 71.698], [139.038, 71.631], [139.237, 71.403], [139.504, 71.493], [139.819, 71.46], [139.849, 71.466], [139.74, 72.04], [140.084, 72.222], [139.153, 72.25], [139.602, 72.489], [140.517, 72.468], [140.897, 72.511], [141.169, 72.619], [140.767, 72.794], [141.311, 72.845], [141.757, 72.737], [142.253, 72.705], [144.039, 72.655], [145.777, 72.502], [146.551, 72.344], [145.679, 72.339], [145.226, 72.428], [144.782, 72.401], [144.766, 72.22], [146.564, 72.313], [146.953, 72.31], [146.51, 72.061], [145.928, 72.152], [145.629, 72.093], [145.843, 71.945], [145.228, 71.833], [144.987, 71.698], [145.473, 71.66], [146.151, 71.807], [147.141, 72.305], [148.385, 72.319], [149.199, 72.214], [149.889, 72.035], [150.106, 71.846], [149.701, 71.747], [149.47, 71.891], [149.088, 71.757], [149.483, 71.646], [149.958, 71.673], [150.72, 71.452], [151.337, 71.381], [151.695, 71.272], [152.071, 70.993], [152.395, 70.835], [152.916, 70.81], [153.953, 70.889], [154.443, 70.953], [156.113, 71.077], [157.018, 71.076], [158.436, 70.958], [158.97, 70.862], [159.575, 70.694], [159.939, 70.471], [160.096, 70.253], [159.708, 69.851], [159.868, 69.772], [160.434, 69.668], [161.098, 69.599], [161.657, 69.582], [161.798, 69.478], [161.814, 69.486], [162.045, 69.594], [162.469, 69.655], [162.325, 69.529], [162.514, 69.328], [162.772, 69.181], [162.532, 69.106], [162.58, 68.961], [162.799, 68.823], [162.592, 68.778], [162.752, 68.584], [162.394, 68.275], [161.985, 68.359], [161.45, 68.378], [161.029, 68.284], [160.398, 68.239], [160.073, 68.267], [158.98, 68.124], [158.372, 68.076], [158.104, 67.914], [158.361, 67.734], [157.81, 67.675], [157.744, 67.558], [157.908, 67.42], [157.811, 67.308], [158.712, 67.038], [158.935, 66.769], [158.711, 66.689], [158.504, 66.463], [158.543, 66.335]]], [[[138.035, 71.491], [137.186, 71.428], [137.045, 71.533], [137.377, 71.588], [137.984, 71.573], [138.035, 71.491]]], [[[112.809, 74.082], [112.208, 74.135], [111.511, 74.297], [112.037, 74.361], [112.02, 74.539], [113.086, 74.507], [113.467, 74.382], [113.23, 74.219], [112.809, 74.082]]], [[[149.259, 74.733], [148.109, 74.795], [147.686, 74.954], [147.121, 75.007], [146.129, 75.225], [146.389, 75.547], [146.75, 75.513], [146.795, 75.35], [147.187, 75.327], [147.619, 75.441], [148.566, 75.374], [148.717, 75.194], [149.34, 75.261], [150.142, 75.204], [150.695, 75.008], [150.63, 74.861], [149.259, 74.733]]], [[[135.5, 75.438], [135.646, 75.592], [136.234, 75.624], [135.873, 75.376], [135.5, 75.438]]], [[[140.428, 75.664], [141.182, 75.667], [141.017, 76], [141.76, 76.113], [142.609, 75.856], [143.164, 75.798], [143.585, 75.852], [145.261, 75.569], [144.857, 75.429], [144.728, 75.148], [144.388, 75.048], [143.378, 75.047], [142.964, 75.136], [142.525, 75.344], [143.085, 75.678], [142.639, 75.731], [142.161, 75.608], [142.174, 75.392], [142.769, 75.071], [143.7, 74.95], [143.472, 74.888], [142.359, 74.814], [141.861, 74.998], [141.554, 74.929], [140.189, 74.805], [139.643, 74.962], [139.456, 74.706], [139.034, 74.64], [138.176, 74.757], [137.871, 74.938], [137.388, 75.052], [136.953, 75.264], [137.298, 75.471], [136.991, 75.585], [137.155, 75.726], [137.61, 75.793], [137.658, 75.991], [138.103, 75.999], [138.268, 76.119], [138.843, 76.201], [139.862, 75.912], [140.495, 75.762], [140.428, 75.664]]], [[[140.068, 73.354], [140.646, 73.525], [140.933, 73.781], [142.066, 73.908], [142.624, 73.808], [143.528, 73.476], [143.543, 73.231], [143.236, 73.181], [141.736, 73.283], [140.94, 73.406], [140.543, 73.424], [140.068, 73.354]]], [[[140.625, 73.896], [140.173, 74.079], [140.419, 74.256], [141.073, 74.225], [140.981, 73.981], [140.625, 73.896]]], [[[136.069, 73.92], [135.449, 74.159], [135.601, 74.223], [136.272, 73.98], [136.069, 73.92]]]]}, "properties": {"name": "Республика Саха (Якутия)", "name_latin": "Sakha (Yakutia) Republic"}}, {"type": "Feature", "geometry": {"type": "Polygon", "coordinates": [[[45.487, 44.01], [45.504, 44.176], [45.372, 44.29], [45.429, 44.429], [45.227, 44.468], [45.261, 44.589], [45.412, 44.594], [45.656, 44.804], [45.705, 44.977], [45.969, 44.981], [46.505, 44.934], [46.635, 44.861], [46.895, 44.812], [46.707, 44.669], [46.68, 44.468], [46.775, 44.37], [47.002, 44.365], [47.081, 44.245], [47.239, 44.202], [47.483, 43.768], [47.332, 43.607], [47.486, 43.401], [47.462, 43.03], [47.711, 42.832], [47.722, 42.7], [47.867, 42.596], [48.111, 42.318], [48.348, 41.977], [48.587, 41.845], [48.388, 41.602], [48.044, 41.477], [47.872, 41.215], [47.738, 41.188], [47.27, 41.335], [47.173, 41.526], [46.725, 41.826], [46.399, 41.941], [45.954, 42.024], [45.609, 42.234], [45.752, 42.308], [45.773, 42.489], [46.035, 42.618], [46.17, 42.732], [46.208, 42.89], [46.391, 42.854], [46.524, 43.042], [46.385, 43.148], [46.422, 43.298], [46.325, 43.451], [46.455, 43.663], [46.655, 43.794], [46.446, 43.878], [46.32, 44.01], [46.216, 43.859], [46.071, 43.931], [45.487, 44.01]]]}, "properties": {"name": "Дагестан", "name_latin": "Republic of Dagestan"}}, {"type": "Feature", "geometry": {"type": "Polygon", "coordinates": [[[75.108, 58.576], [75.377, 58.454], [75.057, 58.339], [75.242, 58.203], [75.071, 58.117], [75.566, 57.935], [75.55, 57.625], [75.704, 57.625], [75.848, 57.386], [76.095, 57.236], [76.289, 56.697], [75.962, 56.507], [76.081, 56.325], [76.307, 56.157], [75.732, 56.113], [75.262, 55.844], [75.369, 55.741], [75.115, 55.686], [75.162, 55.447], [75.368, 55.068], [75.332, 54.911], [75.639, 54.81], [75.825, 54.666], [75.691, 54.546], [75.688, 54.123], [75.056, 53.798], [74.795, 53.825], [74.482, 53.562], [74.289, 53.559], [73.908, 53.65], [73.445, 53.437], [73.249, 53.565], [73.343, 53.788], [73.51, 53.938], [73.067, 53.986], [72.995, 54.098], [72.609, 54.137], [72.433, 54.045], [72.309, 54.189], [71.756, 54.252], [71.723, 54.104], [71.49, 54.097], [71.297, 54.183], [71.176, 54.092], [70.998, 54.334], [71.227, 54.349], [71.172, 54.573], [70.96, 54.886], [70.992, 55.067], [70.804, 55.269], [70.461, 55.28], [70.44, 55.408], [70.757, 55.585], [70.532, 55.694], [70.603, 55.837], [70.809, 55.903], [70.902, 56.112], [70.732, 56.253], [70.928, 56.317], [71.121, 56.653], [71.37, 56.632], [71.677, 56.765], [71.605, 56.933], [71.116, 57.202], [71.065, 57.351], [70.781, 57.276], [70.459, 57.282], [70.418, 57.415], [70.686, 57.516], [70.558, 57.719], [70.392, 57.782], [70.43, 57.952], [70.853, 58.529], [71.053, 58.511], [71.238, 58.328], [71.214, 58.054], [71.99, 58.116], [72.167, 58.015], [72.868, 58.001], [73.128, 58.155], [74.22, 58.136], [74.629, 58.288], [75.108, 58.576]]]}, "properties": {"name": "Омская область", "name_latin": "Omsk Oblast"}}, {"type": "Feature", "geometry": {"type": "Polygon", "coordinates": [[[49, 66.113], [51.545, 66.774], [51.546, 66.88], [52.149, 67.099], [53.875, 67], [55.888, 67], [57.068, 67], [59.974, 67], [61.644, 67.003], [61.729, 67.096], [62.864, 67.37], [62.943, 67.605], [63.426, 67.769], [63.607, 67.732], [63.921, 67.845], [63.866, 68.033], [64.582, 68.2], [64.58, 68.357], [64.816, 68.41], [65.473, 68.418], [65.275, 68.235], [65.432, 67.91], [65.921, 67.961], [66.221, 67.685], [65.846, 67.668], [65.823, 67.539], [66.01, 67.409], [65.699, 67.381], [65.082, 67.039], [65.139, 66.908], [64.553, 66.797], [64.262, 66.645], [63.993, 66.639], [63.802, 66.532], [63.448, 66.468], [62.869, 66.064], [62.8, 65.858], [62, 65.718], [61.627, 65.562], [60.948, 65.015], [60.61, 64.921], [60.417, 65.066], [60.034, 65.028], [59.676, 64.801], [59.507, 64.49], [59.651, 64.433], [59.56, 64.248], [59.837, 64.087], [59.561, 63.909], [59.533, 63.714], [59.378, 63.422], [59.366, 63.266], [59.204, 63.028], [59.448, 62.918], [59.392, 62.737], [59.443, 62.566], [59.625, 62.545], [59.613, 62.366], [59.4, 62.157], [59.487, 61.946], [59.328, 61.842], [59.348, 61.664], [58.844, 61.495], [57.093, 61.502], [56.653, 61.524], [56.378, 61.443], [56.275, 61.192], [55.813, 61.247], [55.731, 61.092], [55.272, 61.146], [55.2, 60.992], [54.977, 60.86], [53.876, 60.983], [53.826, 60.835], [53.353, 60.882], [53.414, 61.032], [52.871, 61.091], [52.806, 60.938], [52.431, 60.976], [52.361, 60.829], [51.894, 60.882], [51.772, 60.58], [52.153, 60.541], [52.349, 60.438], [52.317, 60.227], [52.065, 60.308], [51.551, 59.942], [51.179, 60.049], [51.048, 60.032], [50.831, 59.863], [49.989, 59.778], [49.859, 59.655], [49.815, 59.21], [49.52, 59.216], [49.569, 59.392], [49.151, 59.507], [49.102, 59.662], [48.523, 59.707], [48.492, 60.195], [48.77, 60.316], [48.531, 60.4], [48.561, 60.552], [48.42, 60.837], [48.475, 61.022], [49.127, 61.172], [49.322, 61.152], [49.502, 61.605], [49.044, 61.649], [49.227, 62.102], [49.374, 62.133], [49.641, 62.769], [48.741, 62.852], [48.681, 62.702], [48.352, 62.734], [48.256, 62.506], [48.323, 62.307], [47.659, 62.328], [47.643, 62.176], [47.389, 62.181], [47.232, 62.337], [47.245, 62.639], [47.061, 62.826], [47.409, 62.965], [47.57, 63.145], [47.051, 63.254], [46.943, 63.349], [47.017, 63.578], [46.81, 63.757], [46.5, 63.865], [45.943, 63.957], [45.595, 64.057], [45.399, 64.175], [45.852, 64.278], [46.321, 64.248], [46.63, 64.317], [47.345, 64.354], [48.161, 64.345], [48.197, 64.227], [48.465, 64.204], [48.524, 64.356], [48.884, 64.327], [48.961, 64.478], [49.483, 64.425], [49.552, 64.576], [50.361, 64.51], [50.499, 64.792], [50.246, 64.829], [49.637, 65.289], [49.056, 65.225], [49, 66.113]]]}, "properties": {"name": "Республика Коми", "name_latin": "Komi Republic"}}, {"type": "Feature", "geometry": {"type": "Polygon", "coordinates": [[[44.832, 43.682], [45.063, 43.719], [45.2, 43.876], [45.438, 43.876], [45.487, 44.01], [46.071, 43.931], [46.216, 43.859], [46.32, 44.01], [46.446, 43.878], [46.655, 43.794], [46.455, 43.663], [46.325, 43.451], [46.422, 43.298], [46.385, 43.148], [46.524, 43.042], [46.391, 42.854], [46.208, 42.89], [46.17, 42.732], [46.035, 42.618], [45.773, 42.489], [45.572, 42.549], [45.353, 42.522], [45.087, 42.712], [45.243, 42.89], [45.183, 43.009], [45.067, 43.509], [44.848, 43.565], [44.832, 43.682]]]}, "properties": {"name": "Чеченская республика", "name_latin": "Chechen Republic"}}, {"type": "Feature", "geometry": {"type": "Polygon", "coordinates": [[[42.414, 43.257], [42.456, 43.621], [42.681, 43.716], [42.678, 43.81], [42.855, 43.802], [42.97, 43.897], [43.148, 43.895], [43.318, 43.8], [43.474, 43.866], [43.743, 43.821], [43.77, 43.927], [43.92, 44.018], [44.271, 43.917], [44.291, 43.81], [44.303, 43.688], [44.475, 43.582], [44.098, 43.267], [43.83, 43.323], [43.572, 42.943], [43.398, 42.897], [43.185, 42.939], [42.99, 43.119], [42.86, 43.179], [42.664, 43.14], [42.414, 43.257]]]}, "properties": {"name": "Кабардино-Балкарская республика", "name_latin": "Kabardino-Balkar Republic"}}, {"type": "Feature", "geometry": {"type": "Polygon", "coordinates": [[[42.881, 51.233], [42.752, 51.495], [42.521, 51.596], [42.523, 51.721], [42.713, 51.886], [42.79, 52.184], [43.04, 52.371], [43.142, 52.439], [43.336, 52.374], [43.892, 52.405], [44.029, 52.33], [44.315, 52.306], [44.401, 52.429], [44.853, 52.448], [44.893, 52.357], [45.148, 52.419], [45.353, 52.396], [45.621, 52.478], [45.961, 52.397], [46.004, 52.511], [46.326, 52.681], [46.572, 52.702], [46.802, 52.621], [47.206, 52.547], [47.54, 52.61], [47.722, 52.571], [48.195, 52.769], [48.429, 52.814], [48.349, 52.663], [48.693, 52.639], [48.727, 52.543], [48.912, 52.468], [49.171, 52.5], [49.31, 52.401], [49.52, 52.396], [49.798, 52.172], [49.986, 52.172], [50.352, 51.982], [50.702, 51.933], [50.768, 51.774], [50.817, 51.647], [50.589, 51.645], [50.55, 51.478], [50.251, 51.286], [50.048, 51.256], [49.781, 51.111], [49.389, 51.094], [49.42, 50.852], [49.121, 50.788], [48.83, 50.597], [48.644, 50.522], [48.732, 50.254], [48.902, 50.023], [48.749, 49.923], [48.451, 49.835], [48.232, 49.897], [47.83, 50.33], [47.534, 50.458], [47.431, 50.377], [47.272, 50.379], [47.205, 50.509], [46.911, 50.49], [46.857, 50.641], [46.568, 50.69], [46.455, 50.556], [46.067, 50.532], [46.034, 50.665], [45.744, 50.757], [45.706, 50.582], [45.193, 50.586], [45.326, 50.861], [45.189, 51.044], [44.994, 51.147], [44.499, 51.205], [44.211, 51.182], [44.185, 51.093], [43.916, 51.161], [43.357, 50.999], [43.183, 51.114], [42.881, 51.233]]]}, "properties": {"name": "Саратовская область", "name_latin": "Saratov Oblast"}}, {"type": "Feature", "geometry": {"type": "Polygon", "coordinates": [[[20.953, 55.281], [21.271, 55.245], [22.117, 55.027], [22.477, 55.045], [22.855, 54.888], [22.681, 54.534], [22.792, 54.363], [21.496, 54.324], [20.819, 54.36], [19.651, 54.453], [19.845, 54.603], [19.965, 54.786], [19.947, 54.929], [20.37, 54.938], [20.68, 55.058], [20.953, 55.281]]]}, "properties": {"name": "Калининградская область", "name_latin": "Kaliningrad Oblast"}}, {"type": "Feature", "geometry": {"type": "Polygon", "coordinates": [[[35.991, 53.626], [36.784, 53.296], [37.158, 53.258], [37.59, 53.279], [37.649, 53.096], [37.866, 53.012], [37.891, 52.74], [37.775, 52.59], [38.057, 52.297], [37.839, 52.209], [37.738, 52.017], [37.33, 52.008], [36.792, 52.128], [36.496, 52.232], [36.416, 52.346], [35.815, 52.301], [35.606, 52.437], [35.083, 52.334], [34.924, 52.37], [35.016, 52.709], [34.876, 52.917], [35.24, 52.995], [35.122, 53.154], [35.141, 53.279], [35.384, 53.337], [35.623, 53.524], [35.795, 53.525], [35.991, 53.626]]]}, "properties": {"name": "Орловская область", "name_latin": "Oryol Oblast"}}, {"type": "Feature", "geometry": {"type": "Polygon", "coordinates": [[[29.322, 66.663], [31.576, 66.654], [31.621, 66.502], [31.83, 66.371], [32.343, 66.345], [32.36, 66.475], [32.557, 66.576], [33.146, 66.555], [33.609, 66.474], [33.805, 66.342], [34.699, 65.983], [35.053, 65.746], [34.744, 65.675], [34.764, 65.526], [34.423, 65.349], [34.618, 65.226], [35.047, 64.74], [35.002, 64.446], [35.328, 64.398], [35.322, 64.305], [35.745, 64.346], [36.099, 64.198], [36.249, 64.006], [36.553, 63.952], [36.59, 63.748], [36.455, 63.626], [35.935, 63.605], [36.192, 63.426], [36.307, 63.151], [36.258, 63.012], [36.528, 62.793], [37.071, 62.649], [37.369, 62.678], [37.548, 62.622], [37.635, 62.477], [37.453, 62.215], [37.702, 62.213], [37.837, 61.983], [37.944, 61.973], [37.76, 61.615], [37.817, 61.53], [37.305, 61.51], [37.03, 61.614], [36.584, 61.539], [36.46, 61.407], [35.698, 61.207], [35.416, 61.143], [35.298, 61.252], [34.794, 61.29], [34.242, 61.237], [33.668, 61.232], [33.92, 61.089], [33.785, 60.937], [33.331, 60.899], [33.158, 60.739], [32.916, 60.68], [32.094, 60.818], [30.385, 61.12], [29.564, 61.184], [29.306, 61.329], [29.74, 61.574], [30.071, 61.818], [31.222, 62.498], [31.587, 62.909], [31.266, 63.115], [31.242, 63.217], [30.79, 63.405], [30.484, 63.467], [29.972, 63.757], [30.261, 63.822], [30.528, 64.049], [30.483, 64.262], [30.045, 64.402], [29.99, 64.588], [30.137, 64.649], [30.043, 64.792], [29.74, 64.79], [29.6, 64.995], [29.894, 65.193], [29.602, 65.26], [29.734, 65.472], [30.017, 65.697], [30.069, 65.895], [29.924, 66.126], [29.71, 66.268], [29.322, 66.663]]]}, "properties": {"name": "Республика Карелия", "name_latin": "Republic of Karelia"}}, {"type": "Feature", "geometry": {"type": "Polygon", "coordinates": [[[115.73, 56.962], [116.251, 57.138], [116.108, 57.241], [115.845, 57.248], [115.654, 57.121], [115.07, 57.112], [115.067, 57.01], [114.749, 56.701], [114.406, 56.668], [114.158, 56.697], [113.858, 56.52], [113.788, 56.614], [113.465, 56.672], [113.322, 56.63], [112.866, 56.686], [112.55, 56.946], [112.218, 56.857], [112.083, 56.957], [111.831, 56.913], [111.499, 57.117], [111.242, 56.892], [110.629, 56.837], [110.271, 56.952], [110.014, 56.976], [109.853, 56.779], [109.688, 56.696], [109.424, 56.738], [109.143, 56.68], [108.74, 56.505], [108.549, 56.332], [108.805, 56.235], [109.035, 55.997], [108.823, 55.848], [108.776, 55.611], [108.639, 55.49], [108.671, 55.318], [108.797, 55.166], [108.698, 55.063], [108.726, 54.795], [108.632, 54.546], [109.068, 54.426], [109.001, 54.336], [108.451, 53.848], [108.297, 53.674], [108.014, 53.236], [107, 52.717], [106.173, 52.361], [105.774, 51.956], [105.603, 51.852], [105.309, 51.749], [104.588, 51.622], [104.673, 51.338], [104.197, 51.284], [103.81, 51.13], [103.801, 51.435], [103.586, 51.491], [103.338, 51.447], [103.181, 51.619], [103.227, 51.805], [102.926, 51.912], [102.67, 52.061], [102.515, 52.235], [102.301, 52.23], [101.926, 52.318], [101.678, 52.476], [101.054, 52.764], [100.911, 52.783], [100.378, 53.105], [100.421, 53.249], [100.266, 53.372], [99.852, 53.287], [99.717, 53.15], [99.372, 53.102], [99.231, 52.963], [99.014, 53.102], [98.667, 53.141], [98.312, 53.095], [98.315, 53.186], [98.003, 53.25], [97.866, 53.347], [97.59, 53.377], [97.389, 53.544], [97.022, 53.649], [96.888, 53.73], [96.689, 53.646], [96.483, 53.694], [96.385, 53.799], [96.073, 53.985], [95.803, 54.227], [95.648, 54.3], [95.753, 54.422], [95.904, 54.389], [96.065, 54.574], [96.539, 54.53], [96.566, 54.691], [96.71, 54.869], [96.593, 55.03], [96.679, 55.254], [96.928, 55.302], [96.751, 55.663], [96.844, 55.839], [96.99, 55.852], [96.991, 56.004], [97.132, 56.113], [97.36, 56.032], [97.557, 56.376], [97.88, 56.375], [97.78, 56.591], [97.803, 56.775], [97.529, 56.79], [97.344, 57.032], [97.953, 57.829], [98.591, 57.784], [98.848, 57.728], [99.434, 57.789], [99.682, 58.083], [100.091, 58.069], [100.081, 57.945], [100.375, 57.729], [100.516, 57.494], [100.786, 57.408], [100.97, 57.483], [100.814, 57.665], [100.852, 57.855], [101.023, 57.881], [101.2, 58.129], [101.498, 58.23], [101.806, 58.455], [102.104, 58.49], [102.566, 58.74], [102.558, 58.865], [102.403, 59.083], [102.498, 59.186], [102.832, 59.205], [103.019, 59.318], [103.218, 59.238], [103.393, 59.03], [103.631, 58.922], [103.9, 58.921], [104.07, 58.787], [104.468, 58.609], [104.805, 58.675], [104.755, 58.807], [104.921, 58.959], [105.368, 59.118], [105.215, 59.269], [105.195, 59.477], [104.994, 59.461], [104.762, 59.685], [105.18, 59.866], [105.38, 59.841], [105.505, 60.001], [105.465, 60.252], [104.904, 60.3], [104.657, 60.406], [104.504, 60.616], [104.609, 60.724], [104.626, 61.079], [105.022, 61.197], [104.91, 61.395], [105.283, 61.425], [105.319, 61.516], [105.712, 61.662], [105.973, 61.714], [105.9, 61.844], [106.396, 62.043], [106.483, 62.341], [106.773, 62.639], [106.472, 62.698], [106.513, 62.791], [106.193, 62.921], [106.131, 63.038], [106.397, 63.126], [106.356, 63.302], [106.658, 63.326], [106.727, 63.41], [106.471, 63.542], [106.793, 63.881], [107.307, 63.978], [108.214, 64.01], [108.385, 64.046], [108.247, 64.25], [108.086, 64.246], [108.503, 64.306], [108.525, 64.149], [108.762, 64.017], [108.732, 63.842], [108.287, 63.837], [108.299, 63.716], [108.495, 63.636], [109.189, 63.53], [109.412, 63.368], [109.508, 62.795], [109.298, 62.522], [109.668, 62.435], [109.911, 62.437], [110.005, 62.186], [109.642, 61.928], [109.6, 61.745], [109.87, 61.549], [109.762, 61.332], [110.111, 61.278], [110.222, 61.168], [110.542, 61.088], [110.258, 60.822], [110.289, 60.702], [109.907, 60.461], [109.74, 60.249], [109.663, 59.876], [109.508, 59.802], [109.543, 59.667], [109.252, 59.467], [109.292, 59.317], [109.453, 59.313], [109.812, 59.004], [110.239, 59], [110.475, 59.046], [110.721, 59.281], [111.218, 59.204], [111.451, 59.292], [111.65, 59.224], [112.079, 59.393], [112.251, 59.528], [112.448, 59.136], [112.442, 58.918], [112.805, 59.127], [113.278, 59.158], [113.486, 59.285], [113.463, 59.432], [113.761, 59.617], [114.217, 59.785], [114.53, 59.984], [114.651, 60.179], [114.906, 60.185], [115.096, 60.413], [115.697, 60.549], [116.291, 60.41], [116.541, 60.39], [116.609, 60.295], [116.937, 60.196], [117.009, 59.917], [117.224, 59.874], [117.249, 59.513], [117.498, 59.493], [118.034, 59.629], [118.346, 59.615], [118.362, 59.526], [118.761, 59.428], [118.817, 59.33], [118.671, 59.187], [118.749, 58.935], [118.873, 58.82], [118.777, 58.611], [119.131, 58.488], [119.117, 58.238], [118.475, 58.23], [118.254, 58.398], [117.672, 58.406], [117.472, 58.326], [117.594, 58.185], [117.404, 58.124], [117.409, 57.912], [117.12, 57.861], [117.14, 57.665], [117.45, 57.26], [117.779, 57.318], [117.629, 56.973], [117.403, 56.845], [117.162, 56.841], [116.743, 56.739], [116.316, 56.87], [116.116, 56.819], [115.73, 56.962]]]}, "properties": {"name": "Иркутская область", "name_latin": "Irkutsk Oblast"}}, {"type": "Feature", "geometry": {"type": "Polygon", "coordinates": [[[122.112, 53.431], [121.975, 53.555], [121.947, 53.826], [121.627, 54.096], [121.779, 54.175], [121.665, 54.377], [121.912, 54.377], [122.146, 54.459], [121.93, 54.569], [121.88, 54.803], [121.667, 54.834], [121.96, 55.001], [121.914, 55.12], [122, 55.434], [121.899, 55.62], [121.607, 55.526], [121.336, 55.53], [121.337, 55.822], [121.194, 56.041], [120.856, 56.022], [120.633, 55.931], [120.34, 55.883], [120.033, 56.109], [120.174, 56.206], [120.466, 56.295], [120.089, 56.501], [119.833, 56.566], [119.777, 56.733], [119.856, 56.896], [120.035, 56.91], [120.329, 57.021], [120.906, 57.061], [121.406, 56.986], [121.684, 56.76], [122.164, 56.746], [122.461, 56.6], [122.572, 56.485], [122.902, 56.557], [123.194, 56.441], [123.921, 56.388], [124.033, 56.256], [124.394, 56.053], [124.911, 55.842], [125.253, 55.908], [125.531, 55.747], [125.804, 55.807], [125.994, 55.767], [126.235, 55.608], [126.492, 55.569], [126.583, 55.654], [126.926, 55.63], [126.966, 55.7], [127.542, 55.665], [128.285, 55.691], [128.512, 55.545], [128.957, 55.494], [129.101, 55.54], [129.051, 55.695], [129.903, 55.778], [130.001, 55.713], [130.625, 55.762], [130.953, 55.712], [131.059, 55.657], [131.975, 55.714], [132.156, 55.68], [132.441, 55.743], [132.662, 55.626], [132.763, 55.456], [132.611, 55.235], [132.336, 55.23], [132.416, 55.082], [132.127, 55.067], [132.011, 54.933], [131.395, 54.737], [131.287, 54.659], [131.134, 54.367], [130.736, 54.299], [130.511, 54.122], [130.588, 53.878], [131.345, 53.783], [131.491, 53.602], [131.451, 53.51], [131.533, 53.334], [131.442, 53.221], [132.507, 53.215], [132.861, 53.235], [133.261, 53.458], [133.599, 53.551], [133.946, 53.439], [134.195, 53.482], [134.531, 53.621], [134.723, 53.529], [134.907, 53.23], [134.595, 52.901], [134.639, 52.747], [134.752, 52.68], [134.486, 52.461], [134.306, 52.458], [133.999, 52.54], [133.87, 52.514], [133.589, 52.614], [133.26, 52.681], [133.234, 52.447], [133.431, 52.258], [133.093, 52.153], [132.818, 52.163], [132.54, 52.05], [132.451, 51.886], [132.264, 51.8], [131.387, 51.626], [131.468, 51.486], [131.043, 51.239], [130.845, 50.879], [130.673, 50.742], [131.026, 50.577], [130.893, 50.49], [130.949, 50.376], [131.141, 50.396], [131.394, 50.272], [131.387, 49.976], [131.521, 49.903], [131.37, 49.72], [131.524, 49.572], [131.528, 49.428], [131.419, 49.255], [131.133, 49.241], [131.023, 49], [130.631, 48.882], [130.224, 48.864], [129.928, 49.031], [129.71, 49.29], [129.537, 49.398], [129.174, 49.387], [128.802, 49.549], [128.553, 49.601], [128.336, 49.541], [127.798, 49.592], [127.648, 49.775], [127.525, 49.818], [127.501, 50.058], [127.601, 50.237], [127.367, 50.291], [127.292, 50.456], [127.365, 50.582], [127.135, 50.911], [126.921, 51.052], [126.894, 51.202], [126.973, 51.296], [126.833, 51.533], [126.709, 51.567], [126.715, 51.727], [126.465, 51.936], [126.556, 52.12], [126.3, 52.206], [126.346, 52.383], [126.067, 52.603], [125.605, 53.082], [125.158, 53.203], [124.824, 53.143], [124.434, 53.212], [124.232, 53.377], [124.061, 53.398], [123.622, 53.545], [123.273, 53.562], [122.85, 53.456], [122.429, 53.442], [122.342, 53.502], [122.112, 53.431]]]}, "properties": {"name": "Амурская область", "name_latin": "Amur Oblast"}}, {"type": "Feature", "geometry": {"type": "Polygon", "coordinates": [[[130.631, 48.882], [131.023, 49], [131.133, 49.241], [131.419, 49.255], [131.666, 49.312], [132.004, 49.269], [132.111, 49.494], [132.385, 49.413], [132.486, 49.265], [132.733, 49.331], [132.809, 49.237], [133.054, 49.215], [133.272, 49.034], [133.281, 48.848], [133.463, 48.829], [133.589, 48.73], [133.76, 48.748], [134.047, 48.635], [134.4, 48.746], [134.732, 48.571], [134.977, 48.603], [134.844, 48.393], [134.765, 48.375], [134.471, 48.421], [134.188, 48.382], [133.746, 48.256], [133.567, 48.135], [133.008, 48.039], [132.719, 47.961], [132.485, 47.715], [132.309, 47.756], [132.018, 47.746], [131.812, 47.666], [131.545, 47.723], [130.958, 47.719], [130.862, 47.936], [130.677, 48.053], [130.835, 48.305], [130.713, 48.511], [130.523, 48.629], [130.631, 48.882]]]}, "properties": {"name": "Еврейская автономная область", "name_latin": "Jewish Autonomous Oblast"}}, {"type": "Feature", "geometry": {"type": "MultiPolygon", "coordinates": [[[[144.736, 62.045], [144.988, 62.052], [145.451, 61.949], [145.965, 62.004], [146.348, 61.841], [146.74, 61.469], [146.757, 61.21], [146.705, 60.949], [146.522, 60.868], [146.35, 60.66], [146.085, 60.737], [145.529, 60.495], [145.637, 60.265], [145.857, 60.17], [146.372, 60.251], [146.5, 60.123], [146.689, 60.087], [146.801, 59.905], [147.039, 59.948], [147.216, 59.732], [147.109, 59.409], [146.942, 59.369], [146.441, 59.462], [146.302, 59.279], [146.067, 59.156], [145.83, 59.242], [145.948, 59.348], [145.572, 59.421], [144.98, 59.367], [144.39, 59.37], [143.877, 59.401], [143.482, 59.319], [143.213, 59.356], [142.4, 59.181], [142.08, 59.033], [141.676, 58.682], [141.315, 58.507], [141.012, 58.431], [140.777, 58.304], [140.49, 57.883], [140.323, 57.768], [139.994, 57.698], [139.788, 57.484], [139.602, 57.46], [139.415, 57.301], [139.183, 57.272], [138.929, 57.064], [138.611, 56.955], [138.393, 56.733], [138.108, 56.539], [138.177, 56.448], [137.893, 56.337], [137.725, 56.138], [137.551, 56.106], [136.8, 55.695], [136.35, 55.528], [136.133, 55.289], [135.698, 55.114], [135.537, 55.089], [135.232, 54.913], [135.175, 54.825], [135.306, 54.724], [135.689, 54.646], [135.848, 54.562], [136.221, 54.614], [136.48, 54.585], [136.783, 54.642], [136.876, 54.568], [136.75, 54.417], [136.804, 54.295], [136.786, 54.063], [136.679, 53.952], [136.793, 53.779], [136.945, 53.853], [137.172, 53.844], [137.29, 54.038], [137.085, 54.125], [137.452, 54.314], [137.744, 54.307], [137.431, 54.039], [137.606, 53.831], [137.321, 53.534], [137.95, 53.581], [138.322, 53.755], [138.371, 53.902], [138.582, 53.995], [138.586, 53.806], [138.274, 53.554], [138.409, 53.519], [138.66, 53.707], [138.769, 53.978], [138.754, 54.302], [139.19, 54.185], [139.792, 54.203], [140.196, 54.056], [140.329, 53.954], [140.256, 53.871], [140.522, 53.665], [140.946, 53.499], [140.909, 53.428], [141.38, 53.253], [141.443, 53.165], [141.149, 52.992], [141.164, 52.79], [141.259, 52.601], [141.116, 52.411], [141.499, 52.162], [141.349, 52.097], [141.422, 51.957], [141.168, 51.828], [141.105, 51.682], [140.873, 51.612], [140.858, 51.371], [140.67, 51.323], [140.641, 50.952], [140.502, 50.872], [140.43, 50.719], [140.492, 50.629], [140.502, 50.168], [140.657, 50.061], [140.485, 49.997], [140.398, 49.873], [140.528, 49.783], [140.547, 49.565], [140.312, 49.2], [140.361, 48.921], [140.237, 48.845], [140.175, 48.674], [140.165, 48.442], [139.722, 48.163], [139.539, 47.991], [139.264, 47.802], [139.033, 47.396], [138.863, 47.47], [138.537, 47.482], [138.63, 47.604], [138.507, 47.677], [138.738, 47.77], [138.749, 47.892], [138.575, 48.048], [138.637, 48.122], [138.397, 48.444], [138.236, 48.443], [138.099, 48.328], [137.835, 48.209], [137.678, 48.248], [137.451, 48.203], [137.323, 48.065], [137.611, 47.898], [137.595, 47.805], [137.777, 47.721], [138.054, 47.671], [138.004, 47.463], [137.747, 47.331], [137.593, 47.314], [137.393, 47.202], [137.081, 47.304], [136.948, 47.166], [136.978, 47.025], [136.725, 46.858], [136.234, 46.775], [136.054, 46.867], [135.837, 46.829], [135.691, 46.967], [135.428, 46.927], [135.431, 47.043], [135.085, 47.213], [134.662, 47.124], [134.407, 46.861], [134.388, 46.675], [134.005, 46.655], [134.015, 46.811], [134.219, 47.187], [134.168, 47.319], [134.305, 47.431], [134.495, 47.447], [134.765, 47.717], [134.574, 47.921], [134.568, 48.044], [134.765, 48.375], [134.844, 48.393], [134.977, 48.603], [134.732, 48.571], [134.4, 48.746], [134.047, 48.635], [133.76, 48.748], [133.589, 48.73], [133.463, 48.829], [133.281, 48.848], [133.272, 49.034], [133.054, 49.215], [132.809, 49.237], [132.733, 49.331], [132.486, 49.265], [132.385, 49.413], [132.111, 49.494], [132.004, 49.269], [131.666, 49.312], [131.419, 49.255], [131.528, 49.428], [131.524, 49.572], [131.37, 49.72], [131.521, 49.903], [131.387, 49.976], [131.394, 50.272], [131.141, 50.396], [130.949, 50.376], [130.893, 50.49], [131.026, 50.577], [130.673, 50.742], [130.845, 50.879], [131.043, 51.239], [131.468, 51.486], [131.387, 51.626], [132.264, 51.8], [132.451, 51.886], [132.54, 52.05], [132.818, 52.163], [133.093, 52.153], [133.431, 52.258], [133.234, 52.447], [133.26, 52.681], [133.589, 52.614], [133.87, 52.514], [133.999, 52.54], [134.306, 52.458], [134.486, 52.461], [134.752, 52.68], [134.639, 52.747], [134.595, 52.901], [134.907, 53.23], [134.723, 53.529], [134.531, 53.621], [134.195, 53.482], [133.946, 53.439], [133.599, 53.551], [133.261, 53.458], [132.861, 53.235], [132.507, 53.215], [131.442, 53.221], [131.533, 53.334], [131.451, 53.51], [131.491, 53.602], [131.345, 53.783], [130.588, 53.878], [130.511, 54.122], [130.736, 54.299], [131.134, 54.367], [131.287, 54.659], [131.395, 54.737], [132.011, 54.933], [132.127, 55.067], [132.416, 55.082], [132.336, 55.23], [132.611, 55.235], [132.763, 55.456], [132.662, 55.626], [132.441, 55.743], [132.156, 55.68], [131.975, 55.714], [131.059, 55.657], [130.953, 55.712], [130.86, 55.915], [130.991, 56.168], [131.14, 56.291], [131.104, 56.41], [131.222, 56.521], [131.501, 56.565], [131.832, 56.743], [131.432, 57.138], [131.202, 57.203], [131.255, 57.299], [131.509, 57.268], [131.606, 57.428], [131.849, 57.623], [132.068, 57.682], [131.799, 57.932], [131.581, 58.039], [131.495, 58.17], [131.705, 58.201], [131.986, 58.159], [132.229, 58.332], [132.175, 58.49], [132.547, 58.66], [132.588, 58.892], [132.777, 58.887], [132.837, 59.068], [133.171, 59.241], [133.519, 59.312], [133.748, 59.228], [134.001, 59.263], [134.528, 59.187], [134.716, 59.205], [135.193, 59.114], [135.438, 59.397], [135.826, 59.526], [136.09, 59.42], [136.317, 59.424], [136.673, 59.346], [137.295, 59.495], [137.632, 59.751], [137.974, 59.772], [138.272, 59.706], [138.194, 59.914], [138.262, 60.069], [138.213, 60.278], [138.307, 60.313], [138.398, 60.723], [138.207, 60.857], [138.397, 61.099], [138.66, 61.205], [138.735, 61.337], [138.982, 61.327], [139.091, 61.435], [139.554, 61.474], [139.692, 61.662], [139.927, 61.795], [139.953, 61.937], [140.276, 62.038], [140.312, 62.342], [140.666, 62.416], [140.846, 62.53], [141.493, 62.287], [141.559, 62.156], [141.833, 62.018], [142.145, 62.076], [142.467, 61.892], [142.768, 61.966], [143.006, 61.915], [143.136, 62.104], [143.548, 62.05], [143.999, 61.892], [143.945, 61.755], [144.224, 61.728], [144.516, 61.845], [144.736, 62.045]]], [[[137.689, 54.643], [137.485, 54.868], [137.303, 54.906], [137.615, 55.187], [138.075, 55.048], [138.001, 54.786], [137.689, 54.643]]]]}, "properties": {"name": "Хабаровский край", "name_latin": "Khabarovsk Krai"}}, {"type": "Feature", "geometry": {"type": "Polygon", "coordinates": [[[84.454, 56.043], [84.897, 56.163], [85.414, 56.206], [85.804, 56.411], [86.339, 56.636], [86.678, 56.643], [86.849, 56.556], [87.118, 56.536], [87.15, 56.623], [87.597, 56.664], [87.701, 56.551], [88.424, 56.834], [88.598, 56.802], [88.663, 56.62], [88.593, 56.431], [89.04, 56.3], [89.247, 56.07], [89.332, 55.775], [88.914, 55.66], [88.601, 55.427], [88.442, 55.305], [88.55, 55.002], [88.732, 54.893], [88.754, 54.791], [88.595, 54.683], [88.524, 54.416], [88.664, 54.328], [88.836, 54.42], [89.217, 54.25], [89.007, 54.001], [89.238, 53.819], [89.045, 53.792], [88.874, 53.597], [88.86, 53.464], [89.036, 53.28], [89.062, 53.132], [88.936, 53.046], [89.219, 52.858], [89.11, 52.588], [88.699, 52.364], [88.701, 52.271], [88.376, 52.177], [88.442, 52.336], [87.892, 52.538], [87.653, 52.422], [87.298, 52.592], [87.133, 52.618], [86.912, 52.847], [87.063, 53.026], [86.644, 53.18], [86.905, 53.412], [86.394, 53.597], [86.296, 53.83], [86.124, 53.983], [85.871, 54.038], [85.749, 54.164], [85.425, 54.187], [85.117, 54.438], [84.932, 54.609], [84.895, 54.729], [85.088, 54.816], [84.878, 55.02], [84.927, 55.164], [84.741, 55.641], [84.539, 55.719], [84.454, 56.043]]]}, "properties": {"name": "Кемеровская область", "name_latin": "Kemerovo Oblast"}}, {"type": "Feature", "geometry": {"type": "Polygon", "coordinates": [[[90.487, 52.196], [90.143, 52.148], [89.952, 51.755], [89.71, 51.562], [89.44, 51.607], [89.236, 51.554], [89.073, 51.589], [88.792, 51.554], [88.703, 51.393], [88.445, 51.285], [87.934, 51.526], [88.11, 51.74], [87.891, 51.813], [88.126, 52.068], [88.376, 52.177], [88.701, 52.271], [88.699, 52.364], [89.11, 52.588], [89.219, 52.858], [88.936, 53.046], [89.062, 53.132], [89.036, 53.28], [88.86, 53.464], [88.874, 53.597], [89.045, 53.792], [89.238, 53.819], [89.007, 54.001], [89.217, 54.25], [88.836, 54.42], [88.664, 54.328], [88.524, 54.416], [88.595, 54.683], [88.754, 54.791], [88.732, 54.893], [88.55, 55.002], [88.442, 55.305], [88.601, 55.427], [88.742, 55.432], [89.011, 55.324], [89.01, 55.234], [89.372, 55.043], [89.996, 55.124], [90.499, 55.061], [90.507, 54.904], [90.779, 54.912], [90.946, 54.848], [90.919, 54.654], [91.26, 54.507], [91.251, 54.415], [91.417, 54.28], [91.564, 54.019], [91.427, 53.862], [91.568, 53.709], [91.625, 53.534], [91.903, 53.426], [91.924, 53.35], [91.738, 53.178], [91.419, 53.089], [91.505, 52.994], [91.228, 52.616], [90.895, 52.601], [90.487, 52.196]]]}, "properties": {"name": "Республика Хакасия", "name_latin": "Republic of Khakassia"}}, {"type": "Feature", "geometry": {"type": "Polygon", "coordinates": [[[39.402, 56.771], [39.273, 56.537], [38.972, 56.535], [38.842, 56.605], [38.532, 56.59], [38.318, 56.659], [38.244, 56.793], [38.194, 56.903], [38.243, 57.117], [37.801, 57.501], [37.858, 57.58], [37.38, 57.837], [37.408, 57.94], [37.605, 58.077], [37.384, 58.203], [37.369, 58.338], [37.628, 58.483], [37.712, 58.626], [38.065, 58.73], [38.842, 58.747], [39.235, 58.915], [39.793, 58.837], [40.014, 58.721], [40.186, 58.555], [40.93, 58.576], [41.19, 58.35], [40.882, 58.179], [40.809, 58.007], [40.638, 57.864], [40.707, 57.626], [40.406, 57.493], [40.43, 57.286], [40.193, 57.204], [39.853, 57.174], [39.621, 57.06], [39.38, 56.833], [39.402, 56.771]]]}, "properties": {"name": "Ярославская область", "name_latin": "Yaroslavl Oblast"}}, {"type": "Feature", "geometry": {"type": "Polygon", "coordinates": [[[53.697, 55.925], [53.414, 55.858], [53.2, 55.926], [53.452, 56.019], [53.575, 56.237], [53.307, 56.25], [53.333, 56.062], [53.064, 56.13], [52.812, 56.397], [52.555, 56.243], [52.847, 56.187], [52.699, 55.999], [52.559, 56.035], [51.952, 55.99], [51.763, 55.922], [51.417, 55.96], [51.444, 56.127], [51.404, 56.286], [51.138, 56.529], [51.18, 56.685], [51.393, 56.667], [51.483, 56.799], [51.124, 57.243], [51.165, 57.441], [51.53, 57.458], [51.832, 57.571], [51.954, 57.767], [51.825, 57.914], [51.898, 58.012], [51.79, 58.146], [51.795, 58.34], [51.965, 58.453], [52.843, 58.393], [52.893, 58.534], [53.18, 58.501], [53.374, 58.384], [53.621, 58.474], [53.786, 58.456], [53.881, 58.2], [54.136, 57.958], [54.142, 57.316], [54.312, 57.306], [54.311, 57.084], [54.153, 56.981], [54.088, 56.811], [53.885, 56.663], [54.329, 56.483], [54.378, 56.379], [54.392, 56.258], [54.195, 56.198], [54.036, 56.022], [53.845, 56.045], [53.697, 55.925]]]}, "properties": {"name": "Удмуртская республика", "name_latin": "Udmurt Republic"}}, {"type": "Feature", "geometry": {"type": "Polygon", "coordinates": [[[34.722, 59.085], [34.849, 59.201], [35.178, 59.258], [35.441, 59.426], [35.495, 59.652], [35.407, 59.719], [35.321, 59.981], [35.156, 60.152], [35.238, 60.291], [35.299, 60.601], [35.176, 60.77], [35.462, 60.857], [35.697, 61.003], [35.698, 61.207], [36.46, 61.407], [36.584, 61.539], [37.03, 61.614], [37.305, 61.51], [37.817, 61.53], [37.873, 61.29], [38.124, 61.161], [38.218, 60.931], [38.587, 60.798], [38.896, 60.772], [39.143, 60.68], [39.759, 60.741], [39.886, 60.654], [40.575, 60.72], [41.141, 60.636], [41.342, 60.688], [41.509, 60.895], [42.57, 60.773], [42.658, 60.888], [42.92, 60.814], [43.524, 60.766], [43.735, 60.881], [43.783, 61.037], [44.181, 61.061], [44.16, 60.965], [45.251, 60.894], [45.338, 61.195], [45.809, 61.162], [45.759, 61.011], [46.3, 60.969], [46.824, 60.963], [47.072, 60.844], [47.013, 60.625], [46.758, 60.365], [46.763, 60.234], [46.416, 60.269], [46.378, 60.129], [46.835, 60.054], [47.035, 60.126], [46.922, 59.765], [47.153, 59.752], [47.118, 59.599], [46.409, 59.619], [46.369, 59.343], [46.02, 59.324], [45.979, 59.172], [45.34, 59.216], [45.04, 59.122], [44.19, 59.17], [44.091, 59.234], [43.421, 59.291], [42.8, 59.17], [42.574, 59.33], [42.348, 59.305], [42.035, 59.43], [41.951, 59.261], [42.001, 59.105], [41.714, 59.085], [41.172, 58.932], [41.23, 58.741], [40.93, 58.576], [40.186, 58.555], [40.014, 58.721], [39.793, 58.837], [39.235, 58.915], [38.842, 58.747], [38.065, 58.73], [37.712, 58.626], [37.628, 58.483], [37.414, 58.583], [37.071, 58.863], [36.765, 58.801], [36.503, 58.515], [36.182, 58.512], [36.104, 58.725], [35.783, 58.754], [35.409, 58.849], [35.296, 58.78], [34.722, 59.085]]]}, "properties": {"name": "Вологодская область", "name_latin": "Vologda Oblast"}}, {"type": "Feature", "geometry": {"type": "Polygon", "coordinates": [[[44.678, 42.756], [44.854, 42.836], [44.953, 42.947], [44.903, 43.097], [44.569, 43.235], [44.578, 43.416], [44.503, 43.588], [44.634, 43.615], [44.848, 43.565], [45.067, 43.509], [45.183, 43.009], [45.243, 42.89], [45.087, 42.712], [44.678, 42.756]]]}, "properties": {"name": "Ингушетия", "name_latin": "Republic of Ingushetia"}}, {"type": "Feature", "geometry": {"type": "Polygon", "coordinates": [[[59.042, 56.168], [59.289, 56.327], [59.714, 56.324], [60.004, 56.221], [60.705, 56.243], [60.964, 56.191], [61.092, 56.319], [61.735, 56.287], [61.851, 56.178], [62.061, 56.131], [62.318, 55.948], [62.304, 55.838], [62.526, 55.77], [62.523, 55.59], [62.62, 55.491], [62.32, 55.414], [62.161, 55.231], [62.237, 55.109], [61.996, 54.981], [62.112, 54.798], [62.078, 54.676], [62.441, 54.716], [62.672, 54.624], [62.978, 54.705], [63.2, 54.699], [63.285, 54.581], [63.172, 54.308], [63.354, 54.19], [63.153, 54.185], [63.058, 54.098], [62.336, 54.032], [61.729, 54.03], [61.294, 54.067], [61.187, 53.972], [61.227, 53.795], [60.904, 53.625], [61.32, 53.509], [61.158, 53.404], [61.185, 53.3], [61.524, 53.216], [62.112, 53.116], [62.132, 52.989], [61.852, 53.001], [61.634, 52.954], [61.466, 53.035], [61.144, 52.993], [60.714, 52.761], [60.981, 52.508], [61.066, 52.35], [60.974, 52.278], [60.502, 52.149], [60.201, 51.983], [60.01, 51.994], [59.968, 52.152], [60.174, 52.26], [60.163, 52.4], [59.678, 52.409], [59.249, 52.477], [59.166, 52.277], [58.855, 52.426], [58.751, 52.611], [58.761, 52.85], [58.913, 53.056], [58.908, 53.863], [59.188, 54.004], [59.326, 54.188], [59.708, 54.142], [59.789, 54.244], [59.689, 54.522], [59.854, 54.609], [59.947, 54.77], [59.618, 54.906], [59.523, 54.78], [59.289, 54.658], [59.065, 54.65], [58.587, 54.464], [58.385, 54.56], [58.012, 54.397], [57.753, 54.502], [57.603, 54.679], [57.245, 54.772], [57.259, 54.95], [57.131, 55.085], [57.394, 55.317], [58.023, 55.277], [58.118, 55.192], [57.933, 54.949], [58.117, 54.939], [58.271, 55.171], [58.529, 54.973], [58.806, 55.029], [58.693, 55.151], [58.725, 55.29], [59.16, 55.342], [59.183, 55.468], [59.579, 55.517], [59.336, 55.632], [59.221, 55.85], [59.308, 56.046], [59.042, 56.168]]]}, "properties": {"name": "Челябинская область", "name_latin": "Chelyabinsk Oblast"}}, {"type": "Feature", "geometry": {"type": "Polygon", "coordinates": [[[57.406, 56.343], [57.508, 56.195], [57.913, 56.107], [58.257, 56.105], [58.583, 56.165], [58.961, 56.065], [59.042, 56.168], [59.308, 56.046], [59.221, 55.85], [59.336, 55.632], [59.579, 55.517], [59.183, 55.468], [59.16, 55.342], [58.725, 55.29], [58.693, 55.151], [58.806, 55.029], [58.529, 54.973], [58.271, 55.171], [58.117, 54.939], [57.933, 54.949], [58.118, 55.192], [58.023, 55.277], [57.394, 55.317], [57.131, 55.085], [57.259, 54.95], [57.245, 54.772], [57.603, 54.679], [57.753, 54.502], [58.012, 54.397], [58.385, 54.56], [58.587, 54.464], [59.065, 54.65], [59.289, 54.658], [59.523, 54.78], [59.618, 54.906], [59.947, 54.77], [59.854, 54.609], [59.689, 54.522], [59.789, 54.244], [59.708, 54.142], [59.326, 54.188], [59.188, 54.004], [58.908, 53.863], [58.913, 53.056], [58.761, 52.85], [58.751, 52.611], [58.855, 52.426], [58.945, 52.34], [58.743, 52.259], [58.617, 52.137], [58.656, 51.893], [58.575, 51.772], [58.188, 51.733], [57.912, 51.836], [57.611, 51.785], [57.306, 51.607], [57.161, 51.576], [56.997, 51.721], [56.771, 51.667], [56.611, 51.827], [56.705, 52.06], [56.487, 52.169], [56.432, 52.428], [56.148, 52.632], [55.848, 52.47], [55.773, 52.346], [55.5, 52.462], [55.367, 52.683], [55.349, 52.851], [55.14, 52.814], [54.927, 53.211], [54.552, 53.263], [54.548, 53.355], [54.075, 53.442], [53.851, 53.684], [53.645, 53.754], [53.501, 54.056], [53.404, 54.397], [53.438, 54.572], [53.619, 54.747], [53.475, 54.978], [53.319, 55.043], [53.319, 55.162], [53.883, 55.371], [53.966, 55.529], [54.241, 55.677], [53.88, 55.887], [53.697, 55.925], [53.845, 56.045], [54.036, 56.022], [54.195, 56.198], [54.392, 56.258], [54.378, 56.379], [54.54, 56.511], [55.022, 56.324], [55.46, 56.332], [55.92, 56.45], [56.081, 56.29], [56.407, 56.404], [56.921, 56.104], [57.168, 56.162], [57.406, 56.343]]]}, "properties": {"name": "Башкортостан", "name_latin": "Republic of Bashkortostan"}}, {"type": "Feature", "geometry": {"type": "Polygon", "coordinates": [[[39.036, 47.857], [38.877, 47.861], [38.771, 47.781], [38.734, 47.677], [38.562, 47.627], [38.353, 47.607], [38.26, 47.493], [38.201, 47.291], [38.217, 47.103], [38.13, 47.075], [37.861, 47.102], [37.581, 47.09], [37.483, 47.036], [37.335, 46.882], [37.208, 46.934], [37.01, 46.915], [37.118, 47.028], [37.011, 47.066], [36.914, 47.284], [37.164, 47.346], [37.221, 47.455], [36.988, 47.553], [36.893, 47.551], [36.72, 47.658], [36.569, 47.867], [36.575, 48.058], [36.665, 48.088], [36.839, 48.034], [36.906, 48.294], [36.809, 48.413], [36.892, 48.538], [36.73, 48.609], [36.707, 48.789], [37.181, 48.831], [37.374, 49.052], [37.847, 49.232], [37.895, 49.156], [38.041, 49.07], [38.058, 48.937], [38.21, 48.924], [38.304, 48.729], [38.249, 48.664], [38.302, 48.459], [38.406, 48.437], [38.561, 48.279], [38.63, 48.166], [38.814, 48.111], [38.862, 48.02], [39.027, 48.007], [39.036, 47.857]]]}, "properties": {"name": "ДНР (Донецкая область)", "name_latin": "Donetsk Oblast"}}, {"type": "Feature", "geometry": {"type": "Polygon", "coordinates": [[[39.036, 47.857], [39.027, 48.007], [38.862, 48.02], [38.814, 48.111], [38.63, 48.166], [38.561, 48.279], [38.406, 48.437], [38.302, 48.459], [38.249, 48.664], [38.304, 48.729], [38.21, 48.924], [38.058, 48.937], [38.041, 49.07], [37.895, 49.156], [37.847, 49.232], [37.864, 49.417], [37.963, 49.52], [37.944, 49.597], [38.065, 49.837], [38.023, 49.909], [38.166, 49.941], [38.174, 50.06], [38.344, 49.992], [38.852, 49.866], [38.937, 49.803], [39.183, 49.858], [39.238, 49.765], [39.57, 49.713], [39.623, 49.613], [39.802, 49.542], [39.974, 49.603], [40.116, 49.591], [40.041, 49.455], [40.16, 49.334], [40.142, 49.246], [39.952, 49.125], [39.919, 49.048], [39.681, 49.02], [39.759, 48.895], [39.896, 48.88], [39.703, 48.747], [39.632, 48.587], [39.809, 48.584], [39.993, 48.273], [39.843, 48.12], [39.759, 47.833], [39.392, 47.823], [39.036, 47.857]]]}, "properties": {"name": "ЛНР (Луганская область)", "name_latin": "Luhansk Oblast"}}, {"type": "Feature", "geometry": {"type": "Polygon", "coordinates": [[[34.978, 45.763], [35.044, 45.67], [35.332, 45.371], [35.481, 45.298], [35.695, 45.33], [35.792, 45.412], [36.022, 45.368], [36.137, 45.462], [36.3, 45.473], [36.614, 45.409], [36.502, 45.347], [36.418, 45.23], [36.44, 45.067], [36.225, 45.008], [36.048, 45.049], [35.993, 44.998], [35.848, 44.992], [35.771, 45.066], [35.547, 45.12], [35.417, 45.071], [35.389, 45.002], [35.006, 44.835], [34.757, 44.82], [34.469, 44.73], [34.341, 44.558], [34.147, 44.45], [33.958, 44.383], [33.721, 44.4], [33.477, 44.607], [33.547, 44.71], [33.546, 44.837], [33.62, 44.931], [33.563, 45.094], [33.413, 45.185], [33.26, 45.156], [32.899, 45.354], [32.75, 45.363], [32.663, 45.32], [32.513, 45.341], [32.525, 45.458], [32.937, 45.662], [33.265, 45.754], [33.482, 45.854], [33.709, 45.91], [33.647, 45.98], [33.614, 46.226], [33.85, 46.199], [34.183, 46.067], [34.331, 46.061], [34.469, 45.946], [34.604, 45.994], [34.802, 45.901], [34.799, 45.81], [34.978, 45.763]]]}, "properties": {"name": "Крым", "name_latin": "Autonomous Republic of Crimea"}}]}